,regime_pred,regime_true,factor_pred,factor_true,realized_return,weights,bm_ff5_eqw,bm_sp500_vw,bm_sp500_ew,best_in_hindsight
2007-03-31,0,0,2,1,0.008567290011171047,"{'value': 0.21479402102722853, 'momentum': 0.18894871392949744, 'quality': 0.26373025612260004, 'low_vol': 0.19475682659964416, 'growth': 0.1377701823210298}",0.008976942317008699,0.0109995767106245,0.0076848273092369,0.0141645120762166
2007-04-30,0,0,3,4,0.03388076105650886,"{'value': 0.20979745218268425, 'momentum': 0.3075547292865214, 'quality': 0.035988333817213954, 'low_vol': 0.3245293492028383, 'growth': 0.12213013551074214}",0.02984607153582882,0.043961311012106,0.0432073032128514,0.046801502
2007-05-31,0,0,1,0,0.028682503642812968,"{'value': 0.298359640739033, 'momentum': 0.32078632731592327, 'quality': 0.02974353810531237, 'low_vol': 0.12789189409182883, 'growth': 0.2232185997479026}",0.023362566418764098,0.0343926214320505,0.0323997074148296,0.038186752
2007-06-30,0,0,1,2,-0.021518984281489663,"{'value': 0.2191777461047226, 'momentum': 0.41270027402967696, 'quality': 0.03466260994698375, 'low_vol': 0.1029292014418534, 'growth': 0.23053016847676336}",-0.015724504896271,-0.0166580889377091,-0.0185357775551102,0.011707145518645
2007-07-31,0,1,2,2,-0.021018491702598525,"{'value': 0.18040029146903572, 'momentum': 0.2596392417197978, 'quality': 0.26207694456474195, 'low_vol': 0.1616786776011223, 'growth': 0.13620484464530225}",-0.02435372324747128,-0.0306582017073119,-0.0438895838383838,0.0230445867626436
2007-08-31,1,1,2,3,0.013959573042948335,"{'value': 0.012676334237822976, 'momentum': 0.04633733264090243, 'quality': 0.8618832501883639, 'low_vol': 0.056644927220848525, 'growth': 0.022458155712062125}",0.01797000536262322,0.0149919407038952,0.0005351162324649,0.0260447714248912
2007-09-30,1,1,3,1,0.01874047604171086,"{'value': 0.049572857545448566, 'momentum': 0.11295234776177818, 'quality': 0.2965691254766133, 'low_vol': 0.4870177499632605, 'growth': 0.05388791925289944}",0.0282201276,0.0375354521749677,0.0245281445783132,0.050055856
2007-10-31,1,0,3,1,0.005898718988373602,"{'value': 0.038608776916783584, 'momentum': 0.07647004351874807, 'quality': 0.09979048635459326, 'low_vol': 0.7295005838768814, 'growth': 0.055630109332993685}",0.01453528072581708,0.0168699401954111,0.0122859878296146,0.0386143980782769
2007-11-30,1,1,3,2,-0.020327579585529047,"{'value': 0.040432133681444396, 'momentum': 0.3202578830313499, 'quality': 0.1948487832365036, 'low_vol': 0.4010453376592576, 'growth': 0.04341586239144467}",-0.023468584592851484,-0.0414527482814361,-0.0498669337349397,0.0368034060357426
2007-12-31,1,1,2,2,0.006686332693687679,"{'value': 0.0342306902600014, 'momentum': 0.17462515395707678, 'quality': 0.4342928541315501, 'low_vol': 0.3304322376887313, 'growth': 0.026419063962640408}",0.0016434644988950991,-0.0063051650754231,-0.0175142991967871,0.0186480320890597
2008-01-31,1,1,2,2,-0.040323374436701,"{'value': 0.03735128593992467, 'momentum': 0.2326903934120694, 'quality': 0.5622291624631102, 'low_vol': 0.13054177337932155, 'growth': 0.037187384805574215}",-0.0562794378,-0.0610304346903059,-0.0445245763052208,-0.009796652
2008-02-29,1,1,2,2,0.0161843870866848,"{'value': 0.011102593536146224, 'momentum': 0.06737333227836764, 'quality': 0.8692538426932551, 'low_vol': 0.03378734930216792, 'growth': 0.01848288219006318}",-0.016991943336105358,-0.0314194315227852,-0.029500736,0.0218057003194732
2008-03-31,1,1,2,1,0.019519052098385763,"{'value': 0.00944803422057113, 'momentum': 0.048733183939322376, 'quality': 0.8946136692496974, 'low_vol': 0.028741792485610325, 'growth': 0.01846332010479857}",0.007411854828225539,-0.0034918057528318,-0.0132287414829659,0.025602983
2008-04-30,1,1,2,1,-0.004818129126192174,"{'value': 0.016294706853966234, 'momentum': 0.06143449440318423, 'quality': 0.8563645170582487, 'low_vol': 0.04325977515099487, 'growth': 0.02264650653360604}",0.03480102567864972,0.0486294834170621,0.052409392,0.071826423
2008-05-31,1,0,1,1,0.03324314592711755,"{'value': 0.04528762997574734, 'momentum': 0.6877643042845529, 'quality': 0.07681330242786402, 'low_vol': 0.11990780104508343, 'growth': 0.07022696226675233}",0.019787009699750842,0.0129862246603118,0.025676762,0.040790488491595
2008-06-30,1,1,1,2,-0.01911750320185277,"{'value': 0.04697213431442427, 'momentum': 0.4552581309492975, 'quality': 0.362287069157075, 'low_vol': 0.08756800492398338, 'growth': 0.0479146606552198}",-0.048207971,-0.0833133303210716,-0.1008990240480962,0.032951438
2008-07-31,1,1,2,3,-0.0005640464918095871,"{'value': 0.009176631385807392, 'momentum': 0.08240113909436264, 'quality': 0.8784473939872349, 'low_vol': 0.018979650943364963, 'growth': 0.010995184589230152}",-0.01025751355788144,-0.0072839035278875,-0.0037195352112676,0.0289647163302251
2008-08-31,1,1,2,3,0.015469288559101015,"{'value': 0.03503246908661157, 'momentum': 0.3944384045189788, 'quality': 0.40913581341010813, 'low_vol': 0.10005160487539234, 'growth': 0.061341708108909}",0.01757645703755132,0.0149874132007097,0.0285609298597194,0.03261964
2008-09-30,1,1,1,2,-0.07332221873519973,"{'value': 0.05083536063924091, 'momentum': 0.5133907220528885, 'quality': 0.16024600154568155, 'low_vol': 0.20961794861335373, 'growth': 0.06590996714883553}",-0.060128503628637794,-0.0858676731801783,-0.1055893038229376,0.033022845856811
2008-10-31,1,1,2,2,-0.02325944576053898,"{'value': 0.023698712951991278, 'momentum': 0.18131519845258381, 'quality': 0.5109581669461594, 'low_vol': 0.2653506194504735, 'growth': 0.018677302198792066}",-0.10403957,-0.1671622371713029,-0.2094663654618473,0.085015918
2008-11-30,1,1,2,2,0.05169772075587374,"{'value': 0.015018098046782332, 'momentum': 0.11314444941128952, 'quality': 0.7903674663927581, 'low_vol': 0.0605720488352386, 'growth': 0.020897937313931546}",-0.032935601999999994,-0.0737083337051494,-0.10725830583501,0.080667338
2008-12-31,1,1,2,3,0.0006222196079378067,"{'value': 0.013667595559364325, 'momentum': 0.14129785085427168, 'quality': 0.7791517480951764, 'low_vol': 0.04824820231175799, 'growth': 0.01763460317942959}",0.0085217756,0.0111188924494303,0.0431150040160642,0.017728412
2009-01-31,1,1,1,2,-0.01341844277709944,"{'value': 0.027582661502599252, 'momentum': 0.4130532504753957, 'quality': 0.34399601060647006, 'low_vol': 0.17228142361104, 'growth': 0.04308665380449488}",-0.040325289599999994,-0.0824036710264355,-0.0780269616935483,0.032243191
2009-02-28,1,1,2,2,0.0348153566124309,"{'value': 0.009503395355207894, 'momentum': 0.04002586064983433, 'quality': 0.8831581239364668, 'low_vol': 0.054458468527806364, 'growth': 0.012854151530684569}",-0.07000418959999999,-0.1036718394985826,-0.117064018,0.052199523
2009-03-31,1,1,2,0,-0.023733554116535757,"{'value': 0.008434460635992189, 'momentum': 0.027639161712518852, 'quality': 0.9263076212736704, 'low_vol': 0.031086982285862833, 'growth': 0.006531774091955644}",0.0512384154,0.087701507106958,0.110596456,0.098713002
2009-04-30,1,1,3,0,0.01764596500543271,"{'value': 0.06570917490706063, 'momentum': 0.21711306158539498, 'quality': 0.2178149883164821, 'low_vol': 0.416130473559418, 'growth': 0.08323230163164429}",0.03426357507599868,0.094228948201996,0.1850361803607214,0.1103968583799934
2009-05-31,1,0,0,0,0.04672220266690971,"{'value': 0.6161101391897027, 'momentum': 0.1277323580676648, 'quality': 0.06872510333817716, 'low_vol': 0.1201583970876731, 'growth': 0.0672740023167821}",0.02417165934151234,0.0546402250756513,0.062486648,0.063605621
2009-06-30,1,0,0,2,0.007615283723678872,"{'value': 0.533217879449864, 'momentum': 0.12913447303194822, 'quality': 0.08962944278592509, 'low_vol': 0.19270505929000423, 'growth': 0.05531314544225839}",0.015040479135624401,0.002809898187379,-0.0040832144288577,0.0321484
2009-07-31,1,1,0,0,0.0489712346168823,"{'value': 0.45834636278490143, 'momentum': 0.14974423713623167, 'quality': 0.1708483833132033, 'low_vol': 0.17433460498197162, 'growth': 0.046726411783691926}",0.0399319248,0.0743769613531867,0.0925405742971887,0.084212488
2009-08-31,1,0,0,0,0.03739036688679192,"{'value': 0.6674442951219606, 'momentum': 0.09221084119634472, 'quality': 0.04767648817045916, 'low_vol': 0.13488509163494564, 'growth': 0.05778328387628992}",0.006583074257612317,0.0347613307015833,0.057829354,0.054483824
2009-09-30,1,0,0,4,0.027132305104544046,"{'value': 0.7065594690889103, 'momentum': 0.09326115086952148, 'quality': 0.053795034813633666, 'low_vol': 0.09896462138400068, 'growth': 0.047419723843933816}",0.018339642893811382,0.0365669329436698,0.0526381042084168,0.042602116
2009-10-31,1,0,0,2,-0.026119125669232617,"{'value': 0.7436144764506479, 'momentum': 0.08897673670063552, 'quality': 0.04909846553157911, 'low_vol': 0.07704795489109897, 'growth': 0.0412623664260385}",-0.0006693439485551802,-0.0180095219414311,-0.0341117775551102,0.0570680542572241
2009-11-30,1,0,2,0,0.012027659411786198,"{'value': 0.12735067527833172, 'momentum': 0.03881981045280847, 'quality': 0.7819176921778057, 'low_vol': 0.03390834737958093, 'growth': 0.018003474711473285}",0.0472832908,0.0600391036224524,0.0538961563126252,0.062599199
2009-12-31,1,0,0,1,0.020183048612905794,"{'value': 0.7645798191770479, 'momentum': 0.09123198059118626, 'quality': 0.03355968952351792, 'low_vol': 0.07436456884146803, 'growth': 0.03626394186677976}",0.021389612199999998,0.0187410384577261,0.0480087755511022,0.040586607
2010-01-31,0,1,0,2,-0.02652846498750811,"{'value': 0.4318027325848042, 'momentum': 0.09493350948695933, 'quality': 0.15931420341035774, 'low_vol': 0.11538037068375323, 'growth': 0.19856918383412553}",-0.028610217599999998,-0.0357849012008176,-0.031059386773547,-0.005290228
2010-02-28,0,1,2,1,0.01000745131482102,"{'value': 0.09937744377186149, 'momentum': 0.15076632250896946, 'quality': 0.5986001994702316, 'low_vol': 0.0769162536355179, 'growth': 0.0743397806134196}",0.024543070741098662,0.030326082483601,0.0434021951710261,0.0497122990944338
2010-03-31,0,0,0,1,0.054950525212171634,"{'value': 0.47114033270928835, 'momentum': 0.19538490690487115, 'quality': 0.06868452318297182, 'low_vol': 0.07533285292922424, 'growth': 0.18945738427364442}",0.039472639624406926,0.0610540473629365,0.0709863246492986,0.068129617
2010-04-30,1,0,0,1,0.016184556833823232,"{'value': 0.45997434641533524, 'momentum': 0.3513801454535414, 'quality': 0.04575063623629445, 'low_vol': 0.08228532076543993, 'growth': 0.06060955112938902}",0.005277565257039319,0.0159883664108768,0.0281088336673346,0.0219800171346544
2010-05-31,0,1,1,2,-0.06889422280462751,"{'value': 0.2563324434155031, 'momentum': 0.4574520321454561, 'quality': 0.09458101796149111, 'low_vol': 0.06151200672410008, 'growth': 0.13012249975344944}",-0.0537571722,-0.0801110060906416,-0.0734857959999999,0.024475913
2010-06-30,1,1,2,2,0.020627345978280396,"{'value': 0.00977229846309425, 'momentum': 0.03460368314909975, 'quality': 0.9292380284011447, 'low_vol': 0.018211907709724785, 'growth': 0.008174082276936608}",-0.0330418518,-0.0535103068934827,-0.0617943046092184,0.026219521
2010-07-31,1,1,2,1,-0.013632931933280626,"{'value': 0.00965185267817088, 'momentum': 0.03309460374654694, 'quality': 0.931210340242484, 'low_vol': 0.018975412694171283, 'growth': 0.007067790638626701}",0.05040888898411272,0.0704288893917181,0.0735282104208416,0.081703291
2010-08-31,1,1,0,2,-0.045740768056839826,"{'value': 0.571080964048132, 'momentum': 0.27853305723050037, 'quality': 0.03351147339605714, 'low_vol': 0.06337847669935874, 'growth': 0.05349602862595176}",-0.028917328646991158,-0.04545307101752,-0.048286472,0.0118391837650442
2010-09-30,1,0,2,1,0.009448302561840677,"{'value': 0.012326030880666437, 'momentum': 0.076446562249212, 'quality': 0.8792704730431059, 'low_vol': 0.02000892699096019, 'growth': 0.011948006836055488}",0.06895675830074684,0.0903830622820089,0.1043073519999999,0.1142279618192025
2010-10-31,0,0,1,4,0.037577064278911956,"{'value': 0.36232170499959515, 'momentum': 0.45382843840772474, 'quality': 0.02948900953495394, 'low_vol': 0.033534699762342884, 'growth': 0.12082614729538321}",0.029775686013828823,0.0387260444582807,0.0359456619999999,0.050101811
2010-11-30,0,0,1,1,0.012010399770133951,"{'value': 0.07564685283270581, 'momentum': 0.7820543456934361, 'quality': 0.029457950220256997, 'low_vol': 0.027747178404116588, 'growth': 0.0850936728494846}",-0.0008160551616105203,-7.464357143807367e-05,0.0082052739999999,0.0160194521919474
2010-12-31,0,0,1,0,0.04137392146133979,"{'value': 0.09259551914326176, 'momentum': 0.4668449075904214, 'quality': 0.09926485566439652, 'low_vol': 0.08946003664954559, 'growth': 0.25183468095237466}",0.036253458800000006,0.0673379346219667,0.073083616,0.082232615
2011-01-31,0,0,1,0,0.019538178895578285,"{'value': 0.3189716755365061, 'momentum': 0.4675686923645628, 'quality': 0.03651649609828126, 'low_vol': 0.040087726329513386, 'growth': 0.13685540967113646}",0.010578928009629042,0.0233854098527734,0.0220132794411177,0.032335324
2011-02-28,0,0,1,1,0.0334322569073536,"{'value': 0.17959300006850795, 'momentum': 0.5497124326786189, 'quality': 0.08065684815862213, 'low_vol': 0.06469840747927867, 'growth': 0.12533931161497236}",0.02432881141647062,0.0324440209957137,0.0409569158316633,0.040463961
2011-03-31,0,1,0,1,0.0038559517394676696,"{'value': 0.5388908170886869, 'momentum': 0.2052016267709669, 'quality': 0.04753344686070911, 'low_vol': 0.05257297639541308, 'growth': 0.15580113288422415}",0.00844536937535494,0.0006194855661436,0.009006742,0.0161556788767747
2011-04-30,0,0,1,3,0.02549705338411386,"{'value': 0.18381213464487994, 'momentum': 0.5510304405731068, 'quality': 0.09225726255581436, 'low_vol': 0.06485890051282155, 'growth': 0.10804126171337736}",0.027448065599999998,0.0296223268646826,0.0319234104627766,0.040238369
2011-05-31,0,0,1,2,-0.010604957905757339,"{'value': 0.25409756562242947, 'momentum': 0.34629629980950605, 'quality': 0.05364950241833417, 'low_vol': 0.05903595362780193, 'growth': 0.28692067852192826}",0.0007265139200513006,-0.0113126638368008,-0.00557884,0.028387307079315
2011-06-30,1,1,1,2,-0.0001604402176487691,"{'value': 0.061871151738767984, 'momentum': 0.6288892393186257, 'quality': 0.21277750021544473, 'low_vol': 0.0654914499018081, 'growth': 0.03097065882535342}",-0.00478824836719528,-0.0164560774641754,-0.0187692590361445,0.0273638821640236
2011-07-31,1,0,1,2,-0.010593035762233024,"{'value': 0.034494663584228015, 'momentum': 0.602322504929092, 'quality': 0.29354397503644286, 'low_vol': 0.037739850630724076, 'growth': 0.031899005819513056}",-0.0150807002,-0.019916611159378,-0.0355481164658634,0.006726963
2011-08-31,1,1,2,2,0.04900906115718858,"{'value': 0.006093257312323962, 'momentum': 0.07061596493738131, 'quality': 0.900160768682903, 'low_vol': 0.014795391224482996, 'growth': 0.008334617842908733}",-0.0227942176,-0.0543227414517865,-0.063472002,0.060501467
2011-09-30,1,1,2,2,0.048583192497907296,"{'value': 0.009167183351821047, 'momentum': 0.08320539299122377, 'quality': 0.866873913022755, 'low_vol': 0.02941599734963616, 'growth': 0.011337513284564027}",-0.03506881320000001,-0.0698217497475001,-0.0902517394789579,0.065996745
2011-10-31,1,1,2,0,-0.035431465089553416,"{'value': 0.006462084550011321, 'momentum': 0.024190316906694292, 'quality': 0.9483062978864042, 'low_vol': 0.015747493258811286, 'growth': 0.0052938073980789875}",0.06808313569951928,0.1089565848055987,0.134449872,0.1131301179970842
2011-11-30,1,1,1,2,0.0008953559286898241,"{'value': 0.09659159947813636, 'momentum': 0.7572305640095252, 'quality': 0.04741112764954461, 'low_vol': 0.061475336966654706, 'growth': 0.03729137189613918}",0.00707037973392068,-0.0026999833460743,-0.006364788,0.0294634564339489
2011-12-31,1,1,2,3,0.0073570702548799456,"{'value': 0.021267441032280177, 'momentum': 0.11727232565710607, 'quality': 0.8102620405188597, 'low_vol': 0.03535945272106846, 'growth': 0.015838740070685465}",0.012248133224520018,0.0094517536713606,0.0011844629258517,0.031585377
2012-01-31,1,0,1,0,0.027928273337531485,"{'value': 0.07060866563232912, 'momentum': 0.6429945772793707, 'quality': 0.13311647030713036, 'low_vol': 0.10873665442034741, 'growth': 0.044543632360822365}",0.0185845678,0.0452476872088895,0.0566976593186372,0.049105627
2012-02-29,0,0,0,1,0.03809777868289301,"{'value': 0.3715771871021586, 'momentum': 0.28734852412717693, 'quality': 0.12049208962706938, 'low_vol': 0.06883566802697315, 'growth': 0.15174653111662195}",0.030120283864115284,0.0433405278289872,0.04196541,0.0543727708952184
2012-03-31,0,0,0,1,0.03260383021759747,"{'value': 0.3132615135368817, 'momentum': 0.20615576925098464, 'quality': 0.09474535345119951, 'low_vol': 0.08339905739558796, 'growth': 0.30243830636534624}",0.028957735672286423,0.0328695548052793,0.0231181823647294,0.046209837
2012-04-30,0,0,1,1,0.003292210597243745,"{'value': 0.2194361802923042, 'momentum': 0.385241761992355, 'quality': 0.09863299291527565, 'low_vol': 0.07485052106484628, 'growth': 0.221838543735219}",0.0029305725813798798,-0.0060314660078484,-0.0077994248496993,0.013108568
2012-05-31,0,1,1,2,-0.02106623935980489,"{'value': 0.059407402436730115, 'momentum': 0.5254233480317916, 'quality': 0.2915266742217515, 'low_vol': 0.046564019713075895, 'growth': 0.07707855559665087}",-0.02925560076368918,-0.0597875719683105,-0.0708512233400402,0.0308424831815541
2012-06-30,1,1,2,0,-0.00467854222274922,"{'value': 0.0065860264416348156, 'momentum': 0.016152754503250825, 'quality': 0.9496116361914526, 'low_vol': 0.02188948210796735, 'growth': 0.005760100755694456}",0.02829772157988808,0.0414673507713902,0.0383285691382765,0.047053343
2012-07-31,1,0,1,3,0.013450887986079765,"{'value': 0.12993687579546567, 'momentum': 0.41075463280715896, 'quality': 0.0871496065412128, 'low_vol': 0.33752187954870916, 'growth': 0.03463700530745344}",0.01269160841480604,0.0140840730283966,0.0021334056224899,0.021035762
2012-08-31,1,0,0,4,0.012381718962812932,"{'value': 0.5621613776841705, 'momentum': 0.13344021514569274, 'quality': 0.08444567199836764, 'low_vol': 0.1900155310620937, 'growth': 0.029937204109675444}",0.00844915990026452,0.0227441035257676,0.030790024,0.0230535680662775
2012-09-30,0,0,1,0,0.019191688324763687,"{'value': 0.14192848608839712, 'momentum': 0.4479954919621459, 'quality': 0.06319515271209529, 'low_vol': 0.272534016644644, 'growth': 0.0743468525927176}",0.01571868375318128,0.0250785755754449,0.024078466,0.0313149741681322
2012-10-31,0,0,1,3,-0.017561142135129798,"{'value': 0.1187209178403251, 'momentum': 0.3154677254804871, 'quality': 0.055693486061051456, 'low_vol': 0.21333568598398767, 'growth': 0.2967821846341487}",-0.0160904182,-0.0179547253023497,-0.0071973400402414,-0.000804168
2012-11-30,0,1,0,2,0.0050412521904861975,"{'value': 0.2192661281251916, 'momentum': 0.18523895557156972, 'quality': 0.18559643929743175, 'low_vol': 0.21650007247553227, 'growth': 0.1933984045302746}",0.0053781852824778395,0.005326267486065,0.013640052,0.0124730224123892
2012-12-31,0,0,3,0,-0.004117392216927043,"{'value': 0.10665194232864042, 'momentum': 0.09254993386749492, 'quality': 0.04884061381302524, 'low_vol': 0.5181958011832223, 'growth': 0.2337617088076172}",-0.0065626512,0.0085297544851008,0.02431050501002,0.021698336
2013-01-31,1,0,2,0,0.004423276932324546,"{'value': 0.09373207362872746, 'momentum': 0.1647853952498835, 'quality': 0.6175186486420731, 'low_vol': 0.09434047646037536, 'growth': 0.029623406018940604}",0.03335446533233112,0.052223763939355,0.0654304228456913,0.06499289
2013-02-28,0,0,0,3,0.016502206637664427,"{'value': 0.5228720601747131, 'momentum': 0.22817514648881768, 'quality': 0.031142554582838135, 'low_vol': 0.15935988629035902, 'growth': 0.05845035246327203}",0.015571965859324337,0.0130079987162469,0.012007462,0.0272280973813674
2013-03-31,0,0,0,3,0.038206665794774275,"{'value': 0.40770469343893484, 'momentum': 0.1503060938355358, 'quality': 0.051492003396903546, 'low_vol': 0.24907384236741378, 'growth': 0.14142336696121205}",0.0315389486556321,0.0375843843477756,0.042924868,0.04873209959141
2013-04-30,0,0,0,3,0.024499627751125914,"{'value': 0.4184420033433766, 'momentum': 0.07457365129739381, 'quality': 0.04196559580589902, 'low_vol': 0.3687470799738302, 'growth': 0.09627166957950016}",0.016810490131920958,0.0196214505154646,0.015737046,0.038395552
2013-05-31,0,0,3,0,-0.01838659690617262,"{'value': 0.1465823533320483, 'momentum': 0.05892723304601706, 'quality': 0.03660280457282994, 'low_vol': 0.7136708701385879, 'growth': 0.0442167389105169}",0.007730563836088179,0.0230694702302135,0.0286468877755511,0.0248718287785598
2013-06-30,0,0,0,2,-0.0047759726064320876,"{'value': 0.6219025985091776, 'momentum': 0.0379193619021538, 'quality': 0.028066665258868417, 'low_vol': 0.2792537851140924, 'growth': 0.03285758921570775}",-0.0043512859787429,-0.0135869188121941,-0.0104527815631262,0.0129329681062855
2013-07-31,0,0,3,0,0.03556845723862189,"{'value': 0.10355692252493617, 'momentum': 0.09307352774426635, 'quality': 0.16309500245949282, 'low_vol': 0.5771341610771081, 'growth': 0.06314038619419661}",0.03609511077360764,0.0507219929854632,0.0552862570281124,0.051070522
2013-08-31,0,0,0,2,-0.03508112614709115,"{'value': 0.6623792651226271, 'momentum': 0.05176737914773235, 'quality': 0.04487486637534146, 'low_vol': 0.17503527171693456, 'growth': 0.0659432176373646}",-0.026350659399999997,-0.0292074209931906,-0.027829024,0.0092684
2013-09-30,0,0,2,4,0.005891474158353404,"{'value': 0.12990722922653722, 'momentum': 0.05011406374385119, 'quality': 0.6138207369557677, 'low_vol': 0.15779893469641973, 'growth': 0.04835903537742411}",0.02182563670464882,0.0315075163474906,0.0404071823647294,0.037667248
2013-10-31,0,0,0,4,0.042370202733322745,"{'value': 0.6792573015802605, 'momentum': 0.06383631889151538, 'quality': 0.05354978202329666, 'low_vol': 0.12326191604024277, 'growth': 0.08009468146468487}",0.03797590494432454,0.0462674867295099,0.042827906,0.048062993
2013-11-30,0,0,0,1,0.02712789096786368,"{'value': 0.4307378374367141, 'momentum': 0.06829463206385536, 'quality': 0.04255865716285019, 'low_vol': 0.18335096457103928, 'growth': 0.27505790876554104}",0.026913106447648938,0.0307889310446722,0.0236665651302605,0.0466748119044257
2013-12-31,0,0,0,4,0.0226680917495077,"{'value': 0.43305787038809884, 'momentum': 0.03434235508411138, 'quality': 0.02847894789421883, 'low_vol': 0.0806998481753765, 'growth': 0.4234209784581945}",0.012801451310178041,0.0252157547089002,0.0292594068136272,0.027049024
2014-01-31,0,0,1,3,-0.03246408601933393,"{'value': 0.18772068449097998, 'momentum': 0.35135130897498745, 'quality': 0.0485969437005361, 'low_vol': 0.11336530335551075, 'growth': 0.29896575947798576}",-0.0316569102,-0.0345675563757488,-0.029442896,-0.024884538
2014-02-28,0,0,2,4,0.009815642951910113,"{'value': 0.03277000075420373, 'momentum': 0.06319587716176495, 'quality': 0.6342368894115137, 'low_vol': 0.1614469755552373, 'growth': 0.10835025711728033}",0.032417780800000004,0.045756812726601,0.053917712,0.052445587
2014-03-31,0,0,4,0,0.004976329344221573,"{'value': 0.19261150723786846, 'momentum': 0.14326515595590683, 'quality': 0.03933105594708486, 'low_vol': 0.18946384099003127, 'growth': 0.4353284398691085}",0.008843287792709601,0.008108476503287,0.007369362,0.025800741
2014-04-30,0,0,3,3,0.00723927601542197,"{'value': 0.11628918540431359, 'momentum': 0.1574138502470285, 'quality': 0.0673478683057245, 'low_vol': 0.3410948054925465, 'growth': 0.31785429055038694}",0.004922711973047561,0.0071894641582932,0.0031684099999999,0.0194786249539331
2014-05-31,0,0,4,1,0.020832901800668595,"{'value': 0.23139109998656435, 'momentum': 0.1538721004221316, 'quality': 0.07344022570218552, 'low_vol': 0.27042603583306624, 'growth': 0.2708705380560522}",0.01918433107382712,0.0232472565197922,0.0230002168674698,0.038622964
2014-06-30,0,0,3,3,0.018422668705276687,"{'value': 0.12826527275670044, 'momentum': 0.1069746055708555, 'quality': 0.05173764140156593, 'low_vol': 0.37559661555737356, 'growth': 0.33742586471350455}",0.01208110816121476,0.0206228737092363,0.0286432734530938,0.0215552438008383
2014-07-31,0,0,3,2,-0.021855487639886637,"{'value': 0.08769447485287363, 'momentum': 0.27954909485753043, 'quality': 0.04572928376270166, 'low_vol': 0.4797505086783379, 'growth': 0.10727663784855643}",-0.01214817223801212,-0.0138855449237581,-0.021818618,0.0100080578099394
2014-08-31,0,0,3,4,0.029432506177018355,"{'value': 0.09356088339371231, 'momentum': 0.17688235239123615, 'quality': 0.21917461779908667, 'low_vol': 0.42892373386281823, 'growth': 0.08145841255314679}",0.03078249369587984,0.0397439258199281,0.0424749081836327,0.043494785
2014-09-30,0,0,4,2,-0.008024538220391224,"{'value': 0.22535962520960576, 'momentum': 0.10963516279403183, 'quality': 0.05411484088452304, 'low_vol': 0.2455730302596963, 'growth': 0.3653173408521431}",-3.783000365936012e-05,-0.0139117242414048,-0.0255052231075697,0.0363110579817032
2014-10-31,0,1,3,3,0.03706572219466284,"{'value': 0.09709039532753883, 'momentum': 0.10362616263553416, 'quality': 0.30999664625974616, 'low_vol': 0.34146061690624413, 'growth': 0.1478261788709367}",0.02993818801458818,0.0239718017655127,0.02987446812749,0.049408295
2014-11-30,0,0,4,4,0.02828244777087469,"{'value': 0.12152064889978988, 'momentum': 0.08057186245595548, 'quality': 0.08188610252238539, 'low_vol': 0.3220603560898823, 'growth': 0.39396103003198685}",0.02699936131416016,0.0276006804386725,0.024103655378486,0.0304384787299927
2014-12-31,0,0,4,3,-0.004047865951913557,"{'value': 0.07491861837626418, 'momentum': 0.08786287936180041, 'quality': 0.09323538112766593, 'low_vol': 0.15652477627231343, 'growth': 0.587458344861956}",-0.0001437795722960402,-0.0025529217293165,0.0034894043824701,0.0121222011385198
2015-01-31,0,0,3,3,-0.01485125593938747,"{'value': 0.1260836379796027, 'momentum': 0.1291880211858427, 'quality': 0.16016047891656235, 'low_vol': 0.39204232387803556, 'growth': 0.1925255380399569}",-0.0192327,-0.0294983486575619,-0.0283280159999999,-0.004429793
2015-02-28,0,0,2,1,0.019743674424500094,"{'value': 0.044438611435883686, 'momentum': 0.07957401058980128, 'quality': 0.4221416714714265, 'low_vol': 0.38036569758952166, 'growth': 0.07348000891336685}",0.03959021671102542,0.0569755614112759,0.0585766912350597,0.063070014
2015-03-31,0,0,4,2,-0.013058657816928308,"{'value': 0.19688807997732027, 'momentum': 0.16756525494408114, 'quality': 0.041814754802380824, 'low_vol': 0.14897136454072757, 'growth': 0.4447605457354902}",-0.009393283399999999,-0.0154361047900995,-0.009199322,0.00153098
2015-04-30,0,0,3,0,-0.015027527052949182,"{'value': 0.056737237836731805, 'momentum': 0.15088718171162113, 'quality': 0.3419608042837515, 'low_vol': 0.385072823592496, 'growth': 0.06534195257539953}",-0.008363325843084742,0.0091785460296757,0.0042995677290836,0.0149870847845763
2015-05-31,0,0,1,1,0.016581309842320188,"{'value': 0.1188370739483942, 'momentum': 0.3753123541525128, 'quality': 0.092403466131052, 'low_vol': 0.31336998831072727, 'growth': 0.10007711745731382}",0.0133999964,0.0125217503557684,0.008756171314741,0.02820936
2015-06-30,0,0,3,2,-0.015597268602398521,"{'value': 0.19064884902257148, 'momentum': 0.14267840669315734, 'quality': 0.11664875168305247, 'low_vol': 0.32637243279371897, 'growth': 0.22365155980749965}",-0.0128950968,-0.0193406492989244,-0.02192199,0.025057305
2015-07-31,0,0,2,3,0.023583067274290697,"{'value': 0.06793247559878414, 'momentum': 0.16027978667407589, 'quality': 0.6092810174509394, 'low_vol': 0.11702586469484182, 'growth': 0.04548085558135873}",0.02778431827624058,0.021186216807631,0.0083133420523138,0.043381932
2015-08-31,0,1,3,2,-0.0449525632409819,"{'value': 0.11827538572602825, 'momentum': 0.22746535636035067, 'quality': 0.13395223061574613, 'low_vol': 0.315209647788577, 'growth': 0.2050973795092979}",-0.0412527788,-0.0602395249056127,-0.054014,0.017280589
2015-09-30,1,1,2,2,0.050554721180221085,"{'value': 0.005064537196871315, 'momentum': 0.013334268398012623, 'quality': 0.9336132173983653, 'low_vol': 0.043517130775833676, 'growth': 0.0044708462309168626}",-0.0027245670006463196,-0.0245275407404696,-0.033561113772455,0.0548020899967684
2015-10-31,1,1,2,4,0.009269132101636417,"{'value': 0.007442898817135729, 'momentum': 0.025211191829141076, 'quality': 0.8877286111456668, 'low_vol': 0.07215002324750709, 'growth': 0.007467274960549167}",0.06306179819999999,0.0835365181737474,0.0739939544554455,0.093958154
2015-11-30,1,0,0,3,0.0058634797436005,"{'value': 0.552540805335544, 'momentum': 0.11920546300360799, 'quality': 0.0634077467730208, 'low_vol': 0.20788956056531563, 'growth': 0.05695642432251158}",0.00535236849564772,0.0030203350503446,0.0024164254473161,0.0109360494782386
2015-12-31,1,0,2,2,0.005093010283012201,"{'value': 0.04055441443959087, 'momentum': 0.053855322821654554, 'quality': 0.5963527659009831, 'low_vol': 0.12736580403094427, 'growth': 0.1818716928068272}",-0.0038607310000000005,-0.0152502197968644,-0.0253126441351888,0.014619153
2016-01-31,1,1,2,2,0.05736087344694805,"{'value': 0.014217839983499576, 'momentum': 0.028779284970460336, 'quality': 0.824545216910537, 'low_vol': 0.10050464348940769, 'growth': 0.031953014646095415}",-0.017662246399999998,-0.0491222555827634,-0.0561264930417495,0.076136119
2016-02-29,1,1,2,2,0.02126809632215955,"{'value': 0.013051272691718846, 'momentum': 0.033920156901979276, 'quality': 0.8989949842077427, 'low_vol': 0.03799150130747271, 'growth': 0.01604208489108644}",0.0049751252,-0.0016405514688586,0.0122228023952095,0.023530835
2016-03-31,1,0,2,0,0.01609668770302431,"{'value': 0.07801067560281531, 'momentum': 0.08393811567090143, 'quality': 0.5439245603502181, 'low_vol': 0.09498605993755888, 'growth': 0.1991405884385062}",0.044259159199999995,0.0673916427951462,0.0818310258964143,0.068503461
2016-04-30,1,0,4,0,-0.004349753382409674,"{'value': 0.32353146975198543, 'momentum': 0.09128799359644517, 'quality': 0.08013373861284638, 'low_vol': 0.13457482800428608, 'growth': 0.370471970034437}",-0.013083154400000001,0.0037066193177803,0.0127881706349206,0.021101753
2016-05-31,0,0,0,1,0.013796361215644313,"{'value': 0.5317125055809352, 'momentum': 0.09034080094959299, 'quality': 0.04630761863028682, 'low_vol': 0.25654052134651995, 'growth': 0.07509855349266499}",0.0169318020051059,0.0184286886660982,0.014274616,0.026730926067642
2016-06-30,0,0,3,3,0.03074676764224346,"{'value': 0.16457236135121836, 'momentum': 0.08644472637002557, 'quality': 0.18309802039498754, 'low_vol': 0.48038897034015776, 'growth': 0.0854959215436108}",0.015427236200000003,0.0026832609453577,-8.600596421471133e-05,0.057451663
2016-07-31,0,0,3,4,0.01813981524990678,"{'value': 0.18764516748505902, 'momentum': 0.21977587640930923, 'quality': 0.07815047908004266, 'low_vol': 0.4354215994036569, 'growth': 0.07900687762193213}",0.022516768990011062,0.0366189260009038,0.0434656175298804,0.0464802999500553
2016-08-31,0,0,0,0,-0.0030037157287874394,"{'value': 0.34607741598045294, 'momentum': 0.19848752082976612, 'quality': 0.03985124267696993, 'low_vol': 0.1959384886313258, 'growth': 0.21964533188148538}",-0.0036529104,0.0012470743545494,0.002248906930693,0.005861218
2016-09-30,0,0,3,4,-0.009910896313781252,"{'value': 0.1978597204177446, 'momentum': 0.13301808268360188, 'quality': 0.17997987887283623, 'low_vol': 0.3812474672236706, 'growth': 0.1078948508021467}",-0.008553698,0.0002634832270445,0.0005180717131474,0.003977617
2016-10-31,0,0,3,2,-0.009669236495988687,"{'value': 0.1607220487882839, 'momentum': 0.15488673880252396, 'quality': 0.2324610169029417, 'low_vol': 0.3471218768922859, 'growth': 0.10480831861396464}",-0.0108208322,-0.0179440416318423,-0.0241608769841269,0.026498924
2016-11-30,0,0,2,0,0.010303604394100703,"{'value': 0.1015163665868363, 'momentum': 0.08104185889959378, 'quality': 0.49482161534015695, 'low_vol': 0.17361407032481954, 'growth': 0.14900608884859334}",0.0149661666,0.035811951647566,0.0516134435643564,0.062976405
2016-12-31,0,0,0,1,0.02446939766557917,"{'value': 0.7260944288035592, 'momentum': 0.10917582600016298, 'quality': 0.022684056977869817, 'low_vol': 0.02999623990161879, 'growth': 0.1120494483167891}",0.0221269018532028,0.0191802104611836,0.0105712178217821,0.0302765767495147
2017-01-31,0,0,0,4,0.008258347551165154,"{'value': 0.5069013746720212, 'momentum': 0.06236093768978754, 'quality': 0.032224911566341684, 'low_vol': 0.3259230225012574, 'growth': 0.07258975357059211}",0.0074024178277129205,0.0193721598281246,0.0210476739562624,0.029938419
2017-02-28,0,0,1,3,0.03594175785223135,"{'value': 0.16218837623354257, 'momentum': 0.4910340757895224, 'quality': 0.05582747035649111, 'low_vol': 0.13543311293642477, 'growth': 0.15551696468401893}",0.034232768181404284,0.0393929780869497,0.0314885615079365,0.044950074
2017-03-31,0,0,4,4,0.004144800283266389,"{'value': 0.20292093677044512, 'momentum': 0.12920911392434656, 'quality': 0.028368328708187594, 'low_vol': 0.12682795958209486, 'growth': 0.5126736610149258}",0.00158635082571736,0.0015777974275049,-0.0011698528827037,0.0125282501285868
2017-04-30,0,0,4,2,0.013381193674015007,"{'value': 0.09543940809892625, 'momentum': 0.1932752297278697, 'quality': 0.1003152690081122, 'low_vol': 0.2598832134652791, 'growth': 0.35108687969981284}",0.01208745651627368,0.010533546618319,0.0066039743083003,0.0232867965510478
2017-05-31,0,0,4,4,0.025063609165692835,"{'value': 0.06363661083036588, 'momentum': 0.07223853093956395, 'quality': 0.036603390159810054, 'low_vol': 0.17471804787861225, 'growth': 0.6528034201916478}",0.01855669825559438,0.0145520712079334,0.0044707960396039,0.028296018
2017-06-30,0,0,3,0,-0.0028289127976288096,"{'value': 0.062364062450204726, 'momentum': 0.08549069203219488, 'quality': 0.2286454694358827, 'low_vol': 0.33090428782712467, 'growth': 0.2925954882545931}",0.0026791889096074,0.0059397906196599,0.0135976719681908,0.018991165
2017-07-31,0,0,4,1,0.017654200143137056,"{'value': 0.19711653951013877, 'momentum': 0.11944743736137088, 'quality': 0.12433202560608052, 'low_vol': 0.16151763477087977, 'growth': 0.39758636275153}",0.014704926068125878,0.0207294763574733,0.0159955119047619,0.0274551428532794
2017-08-31,0,0,4,4,0.006529710126894754,"{'value': 0.15512545324918348, 'momentum': 0.15460338214901773, 'quality': 0.07104830251611381, 'low_vol': 0.17783024526724456, 'growth': 0.4413926168184404}",0.00235112864945994,0.0022394203237354,-0.0103239345238095,0.0148147722472997
2017-09-30,0,0,4,0,0.012879047100344945,"{'value': 0.11076520725754768, 'momentum': 0.202980846781461, 'quality': 0.21510717302288992, 'low_vol': 0.2333186262913084, 'growth': 0.23782814664679303}",0.0150986298019691,0.0201271282812651,0.0295961175298804,0.032778844
2017-10-31,0,0,0,1,0.02553924066028891,"{'value': 0.5356984846393436, 'momentum': 0.20981557453240873, 'quality': 0.0436612000359912, 'low_vol': 0.06022330436862965, 'growth': 0.15060143642362672}",0.028783870065947438,0.0241129507619366,0.0103019227722772,0.05882428
2017-11-30,0,0,4,3,0.030427884366911545,"{'value': 0.12021268404434764, 'momentum': 0.14177645048558457, 'quality': 0.09447652479006699, 'low_vol': 0.2975494026660121, 'growth': 0.3459849380139887}",0.028862215813639763,0.0313891540507903,0.0387857940594059,0.0385679199114177
2017-12-31,0,0,1,0,0.003792206147158394,"{'value': 0.11722243155010031, 'momentum': 0.5190723846350558, 'quality': 0.03771741864038418, 'low_vol': 0.1364787194063984, 'growth': 0.1895090457680613}",6.599186457351917e-05,0.0111491230652129,0.0131015138888888,0.0167223683228676
2018-01-31,0,0,1,1,0.057620632715071014,"{'value': 0.08973223530564743, 'momentum': 0.45888185798563863, 'quality': 0.05537475545618801, 'low_vol': 0.27665425266585514, 'growth': 0.1193568985866709}",0.04619690107897566,0.0580827336823425,0.0447803988095238,0.081565107
2018-02-28,0,1,0,2,-0.0391302697047287,"{'value': 0.5887763390262445, 'momentum': 0.19182304848632836, 'quality': 0.02519055555191727, 'low_vol': 0.06405097894229066, 'growth': 0.13015907799321935}",-0.02206667576459332,-0.0376608279394784,-0.0433548792079208,0.0171915221770334
2018-03-31,0,1,2,3,-0.0066679676442523515,"{'value': 0.06175324942183707, 'momentum': 0.07462629104273694, 'quality': 0.6915593590431829, 'low_vol': 0.09940712445797582, 'growth': 0.07265397603426721}",-0.016198879399999998,-0.0255824772232315,-0.0095342718253968,0.008509913
2018-04-30,0,1,2,1,-0.0018797047024930878,"{'value': 0.11662674495527472, 'momentum': 0.19171419228687575, 'quality': 0.29876520584963956, 'low_vol': 0.2108179452503684, 'growth': 0.18207591165784168}",0.00012461519999999994,0.0037710727622579,0.0038871686507936,0.012370521
2018-05-31,0,1,1,4,0.02011340682167098,"{'value': 0.23572278742402217, 'momentum': 0.3089557321138102, 'quality': 0.1179361071170589, 'low_vol': 0.16082030054083463, 'growth': 0.1765650728042742}",0.016948829268022342,0.0236253776654094,0.0149361821782178,0.043296129
2018-06-30,0,0,1,3,0.004937297375752166,"{'value': 0.15634903891216245, 'momentum': 0.4146302612988333, 'quality': 0.07818231930208319, 'low_vol': 0.1272217628546312, 'growth': 0.22361661763228993}",0.00681211907366316,0.0065971457501245,0.0108431212723658,0.0143321183683158
2018-07-31,1,0,4,0,0.032917236689216076,"{'value': 0.06799244716753716, 'momentum': 0.23310476288887325, 'quality': 0.14450268643454464, 'low_vol': 0.2694399188551347, 'growth': 0.28496018465391026}",0.03260471629757578,0.0371565983342741,0.0323300416666666,0.040517375
2018-08-31,0,0,1,4,0.02816423898035811,"{'value': 0.25704974300203265, 'momentum': 0.2935881223651295, 'quality': 0.05544562827451906, 'low_vol': 0.23288232215363558, 'growth': 0.16103418420468332}",0.02549084005776616,0.0328425565304635,0.0197562118811881,0.0488687162717726
2018-09-30,0,0,1,1,0.005603665732512722,"{'value': 0.1963508660270945, 'momentum': 0.28792969261934825, 'quality': 0.0841101601443863, 'low_vol': 0.23239086675524348, 'growth': 0.19921841445392746}",0.0048430313999999995,0.0051054771563722,0.0014822301587301,0.013886615
2018-10-31,0,1,4,2,-0.05961673551444317,"{'value': 0.16837410555499668, 'momentum': 0.22413001013307496, 'quality': 0.1108257422501575, 'low_vol': 0.15164953173249454, 'growth': 0.3450206103292763}",-0.04538531180000001,-0.0684066418068363,-0.0713979940239043,0.035676042
2018-11-30,0,1,2,3,0.029058703313197327,"{'value': 0.03108680014748494, 'momentum': 0.07982792211204988, 'quality': 0.5379134472703982, 'low_vol': 0.27139864369235994, 'growth': 0.07977318677770691}",0.025768322838256717,0.0197758484581661,0.0275177310756972,0.0484955104446802
2018-12-31,0,1,4,2,-0.07973100924217787,"{'value': 0.1470367741348516, 'momentum': 0.3285374916189383, 'quality': 0.0603833917655422, 'low_vol': 0.12253502081343863, 'growth': 0.34150732166722936}",-0.06465802555550029,-0.0906262218663389,-0.1001774990059642,0.0144355092224985
2019-01-31,1,1,2,1,-0.03085855310338783,"{'value': 0.007632013173782155, 'momentum': 0.015160125792162093, 'quality': 0.9505379535042091, 'low_vol': 0.019662061120287695, 'growth': 0.0070078464095591035}",0.056083513800000005,0.0810986400077067,0.0999792916666666,0.089733658
2019-02-28,0,0,0,3,0.02931403178982042,"{'value': 0.5335651147398606, 'momentum': 0.3179026992532135, 'quality': 0.01862999859477108, 'low_vol': 0.0590106689394697, 'growth': 0.0708915184726853}",0.028102670881803883,0.0316859661251008,0.0364755257936507,0.041204872
2019-03-31,0,0,1,1,0.021682837802705926,"{'value': 0.178386281419393, 'momentum': 0.38173095164487014, 'quality': 0.059236225872430846, 'low_vol': 0.11813178429611745, 'growth': 0.26251475676718866}",0.01576212683886416,0.0195313520012359,0.0091313916500994,0.02739726
2019-04-30,0,0,3,0,0.025730204545973794,"{'value': 0.052608791150170475, 'momentum': 0.08797769583141386, 'quality': 0.03996206564753743, 'low_vol': 0.6626101835364878, 'growth': 0.15684126383439043}",0.02737943922196128,0.0405569393100992,0.0367825900990099,0.0412494230317035
2019-05-31,0,1,0,2,-0.049989458268514524,"{'value': 0.48003679894536644, 'momentum': 0.28510299867422967, 'quality': 0.03164912996461569, 'low_vol': 0.11661812736158159, 'growth': 0.08659294505420663}",-0.034022318600000004,-0.0631870130181268,-0.0684505584158415,-0.004744044
2019-06-30,1,1,2,0,0.0030403313745640858,"{'value': 0.005424175978033088, 'momentum': 0.01620390770058025, 'quality': 0.9543814594795321, 'low_vol': 0.01548597320057064, 'growth': 0.00850448364128396}",0.045911816400000006,0.0695712697050635,0.0761755881188118,0.080826606
2019-07-31,0,0,0,2,0.01610663461710785,"{'value': 0.8148523073373554, 'momentum': 0.10135024267918175, 'quality': 0.010396377226149577, 'low_vol': 0.029872561477739312, 'growth': 0.043528511279574064}",0.013202029468883662,0.0144449650776403,0.0087602063492063,0.0189880331136924
2019-08-31,0,1,1,3,-0.0025388172267451943,"{'value': 0.1550819261838356, 'momentum': 0.34699919834426574, 'quality': 0.06601503243677291, 'low_vol': 0.19299953734489206, 'growth': 0.2389043056902337}",-0.0007332474933742401,-0.0161212778288884,-0.0314418237623762,0.024347946
2019-09-30,0,0,2,0,0.01648853700155853,"{'value': 0.05413542549930447, 'momentum': 0.06777628580499843, 'quality': 0.33073762112195254, 'low_vol': 0.3301106771782102, 'growth': 0.21723999039553443}",0.016785290313482498,0.0187613515796729,0.0335160793650793,0.037393316
2019-10-31,1,0,3,0,0.0022794173318551234,"{'value': 0.08405269099379896, 'momentum': 0.1690766383670529, 'quality': 0.08561045594607772, 'low_vol': 0.5281238220050326, 'growth': 0.13313639268803787}",0.00784942957000316,0.0215261294249389,0.0129030732673267,0.0264982203459978
2019-11-30,0,0,2,0,0.013742814980498692,"{'value': 0.17548780843385933, 'momentum': 0.18244883870186532, 'quality': 0.23941966363303452, 'low_vol': 0.17899088977303085, 'growth': 0.22365279945821007}",0.014845411666192604,0.0360123569539649,0.0342990595238095,0.038557118
2019-12-31,0,0,0,0,0.028058075812640214,"{'value': 0.8320105188851427, 'momentum': 0.054827932343198785, 'quality': 0.03625522101924051, 'low_vol': 0.031445383614283694, 'growth': 0.04546094413813423}",0.01486225657519348,0.0298299220299576,0.0288857216699801,0.031178725
2020-01-31,0,0,0,3,-0.003691782786025266,"{'value': 0.4980970004961252, 'momentum': 0.1960744501813635, 'quality': 0.08818511341860163, 'low_vol': 0.10375776469071117, 'growth': 0.11388567121319852}",0.0069025704883044605,-3.5156328087241406e-06,-0.018023867063492,0.0306992839910189
2020-02-29,0,1,0,2,-0.07236316889453796,"{'value': 0.27115941246727127, 'momentum': 0.1401466095234392, 'quality': 0.21941790281056156, 'low_vol': 0.2569451972833012, 'growth': 0.11233087791542674}",-0.07108828340000001,-0.0818720000881507,-0.0907556811881188,-0.01198484
2020-03-31,1,1,2,2,0.03613005548995681,"{'value': 0.017040735659785925, 'momentum': 0.016859400110161755, 'quality': 0.9253102274775898, 'low_vol': 0.0349112908011598, 'growth': 0.0058783459513025976}",-0.0849123544,-0.1220134537614729,-0.1884973247524752,0.049080421
2020-04-30,1,1,2,4,-0.026373945901291246,"{'value': 0.010501273081673772, 'momentum': 0.01016739624627149, 'quality': 0.9570330775024034, 'low_vol': 0.018319030579400854, 'growth': 0.003979222590250493}",0.0790529731153969,0.1290712605574593,0.1472773789682539,0.1445408065413957
2020-05-31,1,1,0,1,0.02874375181373244,"{'value': 0.6363653132811957, 'momentum': 0.09426304252434228, 'quality': 0.10118951344248585, 'low_vol': 0.09403052662148317, 'growth': 0.07415160413049293}",0.027221348,0.0476507030037833,0.0480927757936507,0.066717989
2020-06-30,0,1,0,4,0.009808688901405661,"{'value': 0.3465037922349292, 'momentum': 0.1625293377717713, 'quality': 0.10666331090555559, 'low_vol': 0.11683168653133702, 'growth': 0.26747187255640686}",0.0077117004,0.0205503173540957,0.0142604851485148,0.041016096
2020-07-31,1,0,2,1,0.04743429787552866,"{'value': 0.09796781561420555, 'momentum': 0.30047431970309263, 'quality': 0.3332425767858592, 'low_vol': 0.09806283862973988, 'growth': 0.17025244926710276}",0.05250903,0.0569103264482282,0.0469275287128712,0.078034709
2020-08-31,1,0,1,4,0.06748711939730638,"{'value': 0.11123660952337959, 'momentum': 0.4040338597678529, 'quality': 0.06829124397099491, 'low_vol': 0.13778189207708297, 'growth': 0.2786563946606896}",0.048994866491995435,0.0720677476849339,0.0453567108910891,0.09572239
2020-09-30,0,1,1,2,-0.020869968989073256,"{'value': 0.21589914770990765, 'momentum': 0.6332029157336891, 'quality': 0.0262002938570168, 'low_vol': 0.05726715398533586, 'growth': 0.06743048871405047}",-0.0204153934,-0.0381626710481472,-0.0255025553359683,0.00454714
2020-10-31,1,1,2,2,-0.008667672439880281,"{'value': 0.06629410006287426, 'momentum': 0.11697474051161459, 'quality': 0.5745603600829895, 'low_vol': 0.06318693381718163, 'growth': 0.17898386552534004}",-0.021974367,-0.0264343295511423,-0.0061347017892644,0.007726055
2020-11-30,0,1,3,0,0.06352501257409471,"{'value': 0.1074183055061871, 'momentum': 0.20555876169596662, 'quality': 0.1081388840250086, 'low_vol': 0.3205869547056088, 'growth': 0.2582970940672289}",0.05391765730704852,0.1094038615584581,0.1466943035714286,0.1287807515352426
2020-12-31,0,0,1,4,0.03378229440739221,"{'value': 0.23344674142739388, 'momentum': 0.44985576944596867, 'quality': 0.02085620324171263, 'low_vol': 0.046304709135744075, 'growth': 0.24953657674918084}",0.02369196674152548,0.0381397352675308,0.0418944356435643,0.040801879
2021-01-31,0,0,0,1,-0.009766322240629692,"{'value': 0.34802180102775554, 'momentum': 0.30661796099505956, 'quality': 0.028066181162826564, 'low_vol': 0.06216711141459466, 'growth': 0.25512694539976366}",-0.017275123599999997,-0.0100845568961029,-0.0064629085487077,-0.001874953
2021-02-28,0,0,4,0,0.008429948204038583,"{'value': 0.1873947827483077, 'momentum': 0.11608349213880177, 'quality': 0.08635432358374977, 'low_vol': 0.098886302286335, 'growth': 0.5112810992428057}",0.007156302835693479,0.0260954594388223,0.0634547722772277,0.059174819
2021-03-31,0,0,0,3,0.03951053329539115,"{'value': 0.3709019585290455, 'momentum': 0.34353694433712006, 'quality': 0.029707204105190618, 'low_vol': 0.03684270650509139, 'growth': 0.21901118652355242}",0.0449669564830412,0.0433595212796514,0.0572597485148514,0.068093778
2021-04-30,0,0,0,4,0.04994404362443214,"{'value': 0.3970224784599584, 'momentum': 0.29406035287546883, 'quality': 0.016582781013452282, 'low_vol': 0.054337432745337144, 'growth': 0.2379969549057833}",0.0441126284581783,0.0539446052116404,0.0471002594059405,0.068701394
2021-05-31,0,0,0,0,0.005861982664361819,"{'value': 0.3469147185830484, 'momentum': 0.26260614417525036, 'quality': 0.03012199258688382, 'low_vol': 0.13970488552647362, 'growth': 0.22065225912834388}",0.00696893085054978,0.0062032151068263,0.0193860555555555,0.024149124
2021-06-30,0,0,4,1,0.033870020923956995,"{'value': 0.24270229223628753, 'momentum': 0.18936948069981696, 'quality': 0.05123487940497774, 'low_vol': 0.08686721644616702, 'growth': 0.4298261312127509}",0.01848383020856016,0.0237240903848803,0.0015228356435643,0.071338317
2021-07-31,0,0,1,2,0.027184627843679376,"{'value': 0.27767894442343843, 'momentum': 0.31172821121078037, 'quality': 0.07236717460750723, 'low_vol': 0.06280641130930928, 'growth': 0.27541925844896475}",0.0347022741769021,0.0231045060160131,0.0113585277777777,0.066869227
2021-08-31,0,0,1,1,0.0324838167120165,"{'value': 0.14742487277359442, 'momentum': 0.3208499727310158, 'quality': 0.03247475243959458, 'low_vol': 0.21068448699904416, 'growth': 0.28856591505675094}",0.023477596471621082,0.0305972353164524,0.0233328908730158,0.0446535274503978
2021-09-30,0,0,0,2,-0.038688118009783085,"{'value': 0.2971287450829623, 'momentum': 0.17077873426692025, 'quality': 0.22015462018206317, 'low_vol': 0.09996844839012317, 'growth': 0.21196945207793116}",-0.0407678946,-0.0462445619179339,-0.0375939386138613,-0.015937034
2021-10-31,0,0,1,4,0.05566156169253648,"{'value': 0.2087786360284714, 'momentum': 0.4698049481772513, 'quality': 0.20346279552856517, 'low_vol': 0.06317220135338739, 'growth': 0.054781418912324686}",0.055190867584635206,0.0705096722816178,0.0528173920792079,0.090818442
2021-11-30,0,0,1,2,-0.018041028905514612,"{'value': 0.3475235949376584, 'momentum': 0.39276006440309086, 'quality': 0.05963251936390973, 'low_vol': 0.05201037236665966, 'growth': 0.1480734489286813}",-0.0023256320903565805,-0.0072559637938882,-0.0257227603960396,0.0481175547635208
2021-12-31,0,0,2,3,0.0421119845031839,"{'value': 0.03229607167346187, 'momentum': 0.27723680712045856, 'quality': 0.5289652826205236, 'low_vol': 0.0599465377374944, 'growth': 0.10155530084806155}",0.052816002679977735,0.0435213054723112,0.0640463948412698,0.096724069
2022-01-31,0,1,4,2,-0.04631555693058091,"{'value': 0.1668728529626061, 'momentum': 0.15027982350263666, 'quality': 0.10958750044750418, 'low_vol': 0.27990125263099475, 'growth': 0.2933585704562583}",-0.03584924056852566,-0.0522429730998606,-0.0426801960396039,0.0306926041573717
2022-02-28,1,1,2,0,-0.023785572675846897,"{'value': 0.11784556504399424, 'momentum': 0.11310513888516482, 'quality': 0.6347889503118949, 'low_vol': 0.1028481993857467, 'growth': 0.03141214637319926}",-0.025594735400000002,-0.0293190240976951,-0.0104380815109343,-0.014376029
2022-03-31,1,1,2,3,0.004275926659165628,"{'value': 0.06413728608410989, 'momentum': 0.04619772364151856, 'quality': 0.8186753643668632, 'low_vol': 0.04931211237474187, 'growth': 0.02167751353276655}",0.03113490332655332,0.037901976871045,0.0270236071428571,0.05382591
2022-04-30,0,1,1,2,-0.06855307391779594,"{'value': 0.15524116450136902, 'momentum': 0.3304004211553166, 'quality': 0.07703391206599047, 'low_vol': 0.1654891462077243, 'growth': 0.27183535606959963}",-0.0458682302,-0.0875903945591329,-0.0632107908366533,0.048956636
2022-05-31,1,1,2,2,0.026111854310676454,"{'value': 0.08805166540762936, 'momentum': 0.04731909086597021, 'quality': 0.7272004172815544, 'low_vol': 0.11743068972758844, 'growth': 0.01999813671725748}",0.008755155312356041,0.0003737396563251,0.0099820853174603,0.0343946177027284
2022-06-30,1,1,3,2,-0.06040703872039568,"{'value': 0.347211371003847, 'momentum': 0.16124976168966862, 'quality': 0.05047342492112748, 'low_vol': 0.391641260844702, 'growth': 0.049424181540654984}",-0.0485311352,-0.0818304114523868,-0.093609606361829,0.04858452
2022-07-31,1,1,2,4,0.019726238057526407,"{'value': 0.22084532042724586, 'momentum': 0.11356930970622171, 'quality': 0.41097205236087647, 'low_vol': 0.22162124239328201, 'growth': 0.03299207511237387}",0.0535746579458186,0.0937659178257925,0.0879372365805169,0.1282487487926946
2022-08-31,1,1,2,3,-0.031779273132107745,"{'value': 0.10297495216187365, 'momentum': 0.057664189633747316, 'quality': 0.7015942478626012, 'low_vol': 0.11157570197173694, 'growth': 0.026190908370040872}",-0.033188606999999995,-0.0402951539108969,-0.033775972166998,-0.018139218
2022-09-30,1,1,2,2,-0.04190365102785888,"{'value': 0.10084468090495415, 'momentum': 0.07698745002990491, 'quality': 0.36527376333928535, 'low_vol': 0.14247586190469, 'growth': 0.31441824382116557}",-0.0594412352,-0.0915980541777845,-0.0934568804780876,0.04218299
2022-10-31,1,1,3,1,0.06996963827183753,"{'value': 0.07917000724088366, 'momentum': 0.07554491272624692, 'quality': 0.14875880769821107, 'low_vol': 0.5531960534643898, 'growth': 0.14333021887026856}",0.08060075832491163,0.0801552068849793,0.0965425489021956,0.1362762537590836
2022-11-30,1,1,2,0,0.04721473791850127,"{'value': 0.06303872093789525, 'momentum': 0.05222429150740954, 'quality': 0.6325572426838141, 'low_vol': 0.17232544232589386, 'growth': 0.07985430254498727}",0.048495010574664765,0.0541731181442635,0.0690638984063745,0.060242732
2022-12-31,1,1,1,2,-0.024334887752060837,"{'value': 0.0660467204479117, 'momentum': 0.472066357647785, 'quality': 0.19507270172722724, 'low_vol': 0.15988599447234797, 'growth': 0.10692822570472803}",-0.027660468599999998,-0.0587423437259043,-0.0486805149105367,0.029387478
2023-01-31,1,1,0,0,0.0153317760245522,"{'value': 0.3294143294719964, 'momentum': 0.2139504647017441, 'quality': 0.15182102937632544, 'low_vol': 0.2030159598213944, 'growth': 0.10179821662853974}",0.007982181199999999,0.0637243890639738,0.0756271888667992,0.06998997
2023-02-28,1,0,2,2,-0.0024361010226677856,"{'value': 0.1243526795962074, 'momentum': 0.15600066180532318, 'quality': 0.5245525758810669, 'low_vol': 0.14042567121703492, 'growth': 0.05466841150036766}",-0.020398558200000003,-0.0242653344538659,-0.0334488449304174,0.027284807
2023-03-31,1,1,0,4,0.017309891044071095,"{'value': 0.5960550495606931, 'momentum': 0.12608876103068503, 'quality': 0.13475905768818064, 'low_vol': 0.1066430250832188, 'growth': 0.03645410663722235}",0.02613357319486988,0.037403635529688,-0.0035730199600798,0.058505247
2023-04-30,1,0,0,1,0.01832751209926151,"{'value': 0.35273172136438735, 'momentum': 0.1873111223987174, 'quality': 0.2906866856735273, 'low_vol': 0.11900243745062881, 'growth': 0.05026803311273916}",0.01940245063316366,0.0150145715585309,0.0021162147117296,0.0284690735664787
2023-05-31,1,0,4,4,-0.017632596674714136,"{'value': 0.21837017549035692, 'momentum': 0.13012543656086928, 'quality': 0.16721108016406147, 'low_vol': 0.1404713490044035, 'growth': 0.3438219587803088}",-0.0294158805270174,0.0053449983172078,-0.0377460179282868,0.024976687364913
2023-06-30,0,0,1,0,0.050161765716051784,"{'value': 0.051959228771565204, 'momentum': 0.7688265256695227, 'quality': 0.1152979391383913, 'low_vol': 0.0264113339702604, 'growth': 0.03750497245026053}",0.043526085597116,0.0667155618095493,0.0783252206759443,0.068769148
2023-07-31,0,0,4,0,0.021906833220843063,"{'value': 0.04505116377492173, 'momentum': 0.16048671682201032, 'quality': 0.1872595964721406, 'low_vol': 0.036066826202338684, 'growth': 0.5711356967285887}",0.018116042804846,0.0317001955322698,0.0352980039761431,0.03410244
2023-08-31,0,0,0,2,-0.014821877737185046,"{'value': 0.6574561781524095, 'momentum': 0.1115484704952344, 'quality': 0.06905113120257936, 'low_vol': 0.03134910271118657, 'growth': 0.13059511743859012}",-0.0008870512000000001,-0.0154271078719365,-0.0309570079522862,0.03886524
2023-09-30,0,1,0,2,-0.043320679478745225,"{'value': 0.8867261159696328, 'momentum': 0.032458947923909166, 'quality': 0.021629935112271216, 'low_vol': 0.013789877616889563, 'growth': 0.04539512337729735}",-0.019752844921640162,-0.0478107259153086,-0.0507837117296222,0.0486724533917992
2023-10-31,0,1,2,2,0.014137857879316177,"{'value': 0.30514290791650983, 'momentum': 0.06672492035484352, 'quality': 0.539101833678464, 'low_vol': 0.03019777890452752, 'growth': 0.05883255914565519}",-0.004875757231928621,-0.0209650163043013,-0.0406773984063745,0.0413581658403569
2023-11-30,0,1,2,1,0.011975599834689155,"{'value': 0.18544823062628074, 'momentum': 0.06514327373984696, 'quality': 0.6362569631262414, 'low_vol': 0.02836060457490645, 'growth': 0.08479092793272444}",0.060004234000000004,0.0908043605933613,0.0927716520874751,0.096239977
2023-12-31,1,0,2,1,-0.033625922570699525,"{'value': 0.06356448100670145, 'momentum': 0.042509025450000626, 'quality': 0.7703758103177047, 'low_vol': 0.05387065551400542, 'growth': 0.06968002771158766}",0.024687870649531957,0.0452915253773932,0.0704612777777777,0.064240384
2024-01-31,1,0,1,1,0.027727284846007588,"{'value': 0.12959316535140236, 'momentum': 0.3911559475605261, 'quality': 0.2168636022312672, 'low_vol': 0.12896212582101618, 'growth': 0.13342515903578828}",0.019544648587168062,0.015830549945848,-0.0072481212723658,0.057826824024737
2024-02-29,0,0,1,1,0.06966725077516367,"{'value': 0.1090196734174856, 'momentum': 0.6284512623879572, 'quality': 0.15904105587400114, 'low_vol': 0.038658273398311384, 'growth': 0.06482973492224449}",0.035285800612158705,0.0530310771211398,0.0404816123260437,0.1107775691451222
2024-03-31,0,0,1,0,0.03637979777807198,"{'value': 0.04572897063911343, 'momentum': 0.8304975278332902, 'quality': 0.06300563309784314, 'low_vol': 0.022899583474226978, 'growth': 0.03786828495552623}",0.0242997209311381,0.0320753763507216,0.0455158011928429,0.045495402
2024-04-30,0,0,1,2,-0.049577066216321526,"{'value': 0.01510354452491127, 'momentum': 0.9341327185183704, 'quality': 0.026994132607452207, 'low_vol': 0.008829222419364948, 'growth': 0.014940381929901436}",-0.027744452057848402,-0.0399536403673944,-0.0494687992047713,0.025977015710758
2024-05-31,0,0,0,1,0.0320886412989288,"{'value': 0.6043854769706809, 'momentum': 0.18941946034354568, 'quality': 0.146827933549255, 'low_vol': 0.02022610360278159, 'growth': 0.03914102553373685}",0.035039242,0.0492764893587881,0.0276561992031872,0.070483406
2024-06-30,0,0,2,1,0.016831687806270878,"{'value': 0.20761439231272588, 'momentum': 0.07898875362592765, 'quality': 0.6604932802808545, 'low_vol': 0.02047365769823272, 'growth': 0.03242991608225929}",0.030494052904199397,0.0369378784452243,-0.0033270576540755,0.075718417
2024-07-31,0,0,1,0,-0.007870795131004287,"{'value': 0.11257622580757129, 'momentum': 0.730981129115002, 'quality': 0.10166679826242131, 'low_vol': 0.022387780090383863, 'growth': 0.03238806672462149}",0.00899364024898502,0.0121475788584758,0.044804374501992,0.0474527287680985
2024-08-31,0,1,1,3,0.03593819016923058,"{'value': 0.04648180262533176, 'momentum': 0.8870379230762595, 'quality': 0.035738404106290256, 'low_vol': 0.012445565345215336, 'growth': 0.01829630484690334}",0.03017172872724482,0.024283141308437,0.0249429940357852,0.052126459
2024-09-30,0,0,0,4,0.01220717021594897,"{'value': 0.4687615675795252, 'momentum': 0.3907951347305549, 'quality': 0.07359677888963728, 'low_vol': 0.025385890302722584, 'growth': 0.04146062849756}",0.010952986665234121,0.0225813141609846,0.0229221729622266,0.028368203
2024-10-31,0,0,0,1,-0.007676860211651287,"{'value': 0.4787276544292917, 'momentum': 0.3816725696019792, 'quality': 0.07231696773370704, 'low_vol': 0.025316870426507827, 'growth': 0.041965937808514236}",-0.0095513286,-0.0086903479473671,-0.0164095745526839,0.0011027
2024-11-30,0,0,4,1,0.052966325873649314,"{'value': 0.1977303316011188, 'momentum': 0.19609106356386893, 'quality': 0.08611976597835544, 'low_vol': 0.030575981621802133, 'growth': 0.4894828572348545}",0.042948220800000006,0.0602531265775158,0.0614330258964143,0.064850108
