date,best_factor,market_regime,cpilfesl,1 yr core cpi,10 yr-core cpi,gdpc1,gdp yoy%,GDP YoY%,nfcirisk,nfcicredit,nfcileverage,fedfunds,cape,earnings yield (ep),equity risk premium proxy: (e/p â€“ 10yr yield),energy,financials,healthcare,consumer_staples,consumer_discretionary,utilities,industrials,telecom,materials,gs1,gs2,gs10
1994-01,2,0,154.5,2.912621359,25.45799116,10939.116,3.316913359,3.430706936,-1.08379,-0.47922,-0.30827,5.29,21.41197491,0.046702838,0.0575,-0.036434551,-0.055669368,-0.061834157,-0.010435523,-0.00991489,-0.061371841,-0.020356002,-0.059391898,-0.028812099,0.0354,0.0414,0.0575
1994-02,2,0,154.8,2.971576227,25.1572327,10939.116,3.316913359,3.430706936,-0.96289,-0.5248,-0.25823,5.29,21.26384019,0.047028194,0.0597,-0.036434551,-0.055669368,-0.061834157,-0.010435523,-0.00991489,-0.061371841,-0.020356002,-0.059391898,-0.028812099,0.0387,0.0447,0.0597
1994-03,5,1,155.3,2.962009015,25.09410289,10939.116,3.316913359,3.430706936,-0.78907,-0.52248,-0.29539,5.29,20.83337589,0.047999902,0.0648,-0.042945997,-0.0423505,-0.058534301,-0.041859464,-0.056362992,-0.054472272,-0.047055535,-0.031476769,-0.042874039,0.0432,0.05,0.0648
1994-04,5,1,155.5,3.151125402,25.14071295,11087.361,3.316913359,4.22561069,-0.68282,-0.44638,-0.4384,5.29,20.05525009,0.049862255,0.0697,0.04631731,0.032108736,0.031335489,0.024034142,-0.003287002,0.008703056,-0.011440305,0.022185463,-0.000823808,0.0482,0.0555,0.0697
1994-05,1,1,155.9,3.078896729,24.81296758,11087.361,3.316913359,4.22561069,-0.68497,-0.37455,-0.53126,5.29,20.19649242,0.049513548,0.0718,-0.001774623,0.050959061,0.057632023,-0.014476859,-0.004616979,-0.054675045,0.00603363,0.015897192,0.040915181,0.0531,0.0597,0.0718
1994-06,5,0,156.4,3.00511509,24.76664592,11087.361,3.316913359,4.22561069,-0.69147,-0.33937,-0.55212,5.29,20.29076369,0.049283507,0.071,-0.025876543,-0.031326614,-0.029753762,-0.025929223,-0.024706551,-0.035615079,-0.027037656,0.007683658,-0.028712871,0.0527,0.0593,0.071
1994-07,1,0,156.7,2.999361838,24.51893234,11152.176,3.316913359,4.337048255,-0.77918,-0.33918,-0.46294,5.29,20.06795182,0.049830696,0.073,0.047855622,0.021372328,0.012571966,0.037130127,0.023197127,0.048657546,0.034862571,0.015064162,0.048521916,0.0548,0.0613,0.073
1994-08,1,0,157.1,2.991725016,24.47335812,11152.176,3.316913359,4.337048255,-0.8396,-0.35046,-0.29558,5.29,20.5355494,0.048696043,0.0724,-0.012385099,0.032580764,0.11278719,0.06928839,0.014228799,-0.001177163,0.026169319,0.00338952,0.057845615,0.0556,0.0618,0.0724
1994-09,4,0,157.5,2.984126984,24.28924598,11152.176,3.316913359,4.337048255,-0.72264,-0.3597,-0.00702,5.29,20.5764501,0.048599248,0.0746,-0.029489566,-0.074571149,0.018665276,-0.003193572,-0.041152263,-0.027990572,-0.041868874,-0.020816215,-0.00110284,0.0576,0.0639,0.0746
1994-10,2,0,157.8,3.105196451,24.10604192,11279.932,3.316913359,4.116167021,-0.61658,-0.33102,0.18529,5.29,20.39575928,0.0490298,0.0774,0.080860085,0.014214368,0.010031733,0.03079785,0.004779555,0.015964434,0.014202006,-0.008391608,-0.035237832,0.0611,0.0673,0.0774
1994-11,5,0,158.2,3.034134008,24.15488629,11279.932,3.316913359,4.116167021,-0.52359,-0.24464,0.28181,5.29,20.20947302,0.049481745,0.0796,-0.054637153,-0.06155303,0.007094355,-0.012532585,-0.026987671,-0.005072103,-0.064042303,-0.06403385,-0.078580965,0.0654,0.0715,0.0796
1994-12,1,1,158.3,3.032217309,24.23312883,11279.932,3.316913359,4.116167021,-0.4439,-0.13019,0.25136,5.29,19.91148411,0.050222273,0.0781,-0.012052954,0.009081736,0.006339942,0.015331506,-0.002294722,-0.00039984,0.046243984,0.004621258,0.034982405,0.0714,0.0759,0.0781
1995-01,1,0,159,2.955974843,24.34089516,11319.951,3.364281347,3.481405627,-0.5659,-0.10639,0.15242,5.53,20.22,0.049458,-0.02834,0.0181,0.0608,0.0637,0.0205,0.0065,0.0619,0.0192,0.0464,-0.0396,0.0705,0.0751,0.0778
1995-02,1,0,159.4,2.885821832,24.12950519,11319.951,3.364281347,3.481405627,-0.70747,-0.12389,0.06882,5.92,20.8,0.048071,-0.02663,0.031234653,0.052696078,0.011563411,0.028613425,0.033879781,0.000941708,0.052688383,0.005733945,0.064244065,0.067,0.0711,0.0747
1995-03,2,0,159.9,2.814258912,24.14634146,11319.951,3.364281347,3.481405627,-0.73791,-0.14216,-0.00548,5.98,21.15,0.047275,-0.02472,0.050957234,0.001253694,0.027695167,0.02886539,0.030174899,-0.022579735,0.033087893,0.002280502,0.053223755,0.0643,0.0678,0.072
1995-04,1,0,160.4,2.618453865,24.27007299,11353.721,3.364281347,2.402375101,-0.76967,-0.1449,-0.08265,6.05,21.64,0.046205,-0.0244,0.027098061,0.033539039,0.024959305,0.028333333,-0.013432836,0.027721629,0.030674847,0.021425863,0.012540641,0.0627,0.0657,0.0706
1995-05,1,0,160.7,2.675793404,24.42284326,11353.721,3.364281347,2.402375101,-0.80683,-0.14783,-0.13524,6.01,22.2,0.045054,-0.02125,0.029912644,0.074939425,0.022939827,0.043039798,0.044629349,0.065561487,0.021883754,-0.007054019,0.029633028,0.06,0.0617,0.0663
1995-06,2,0,161.1,2.669149597,24.48484848,11353.721,3.364281347,2.402375101,-0.76852,-0.1624,-0.12183,6,22.72,0.044017,-0.01768,-0.036326251,0.003703107,0.041400725,0.016142956,0.026339609,-0.015030324,0.015761521,0.027481772,0.036621224,0.0564,0.0572,0.0617
1995-07,1,0,161.4,2.664188352,24.48609432,11450.31,3.364281347,2.673325816,-0.77055,-0.17674,-0.15925,5.85,23.38,0.042778,-0.02002,0.032716927,0.026708373,0.04629783,-8.50E-05,0.032983508,-0.003391041,0.044611233,0.034388646,0.026903902,0.0559,0.0578,0.0628
1995-08,0,0,161.8,2.595797281,24.50211225,11450.31,3.364281347,2.673325816,-0.78588,-0.16524,-0.31772,5.74,23.28,0.042948,-0.02195,-0.037878788,0.053902039,-0.004037046,-0.004842821,-0.022368309,-0.011640401,-0.011302172,0.045294635,-0.006194024,0.0575,0.0598,0.0649
1995-09,5,0,162.2,2.651048089,24.57831325,11450.31,3.364281347,2.673325816,-0.74878,-0.14005,-0.52087,5.8,23.95,0.041761,-0.02024,0.01896922,0.061893114,0.086154824,0.072910441,0.012487992,0.059249864,0.024087532,0.079932688,0.003200539,0.0562,0.0581,0.062
1995-10,5,0,162.7,2.519975415,24.44444444,11528.067,3.364281347,2.19979163,-0.77088,-0.12977,-0.56704,5.76,23.93,0.041794,-0.01861,0.001492799,-0.031481223,0.026635446,0.025383942,-0.048042091,0.012059528,-0.010684101,0.007245812,-0.063470741,0.0559,0.057,0.0604
1995-11,1,0,163,2.576687117,24.46043165,11528.067,3.364281347,2.19979163,-0.83434,-0.10934,-0.55786,5.8,24.35,0.041072,-0.01823,0.038842613,0.069621622,0.047042053,0.042992395,0.062154571,0.00439449,0.068907157,0.022586634,0.061586732,0.0543,0.0548,0.0593
1995-12,5,0,163.1,2.636419375,24.28229665,11528.067,3.364281347,2.19979163,-0.83721,-0.101,-0.59105,5.6,25.03,0.039956,-0.01714,0.063217421,0.008287851,0.051735875,0.013541667,0.00818903,0.053344552,0.024881249,0.038804841,-0.009542307,0.0531,0.0532,0.0571
1996-01,1,0,163.7,2.504581552,24.3130227,11614.418,2.535357346,2.601309847,-0.8645,-0.14006,-0.68829,5.56,24.76,0.040384,-0.01612,-0.00158768,0.049986635,0.054239482,0.029070621,0.020221677,0.017653167,0.031781064,0.016893614,0.065393469,0.0509,0.0511,0.0565
1996-02,2,0,164,2.5,24.31466031,11614.418,2.535357346,2.601309847,-0.85452,-0.19618,-0.76574,5.22,25.98,0.038497,-0.0196,0.001669715,0.016675153,-0.01719057,0.015908118,0.015757174,-0.037205651,0.011693405,-0.038381668,-0.00400128,0.0494,0.0503,0.0581
1996-03,3,0,164.4,2.433090024,24.41106484,11614.418,2.535357346,2.601309847,-0.72438,-0.23359,-0.69359,5.31,25.63,0.039017,-0.02368,0.047388474,0.00976587,-0.001124438,-0.014043958,0.040578054,-0.012065873,0.024173656,-0.027775709,0.062831432,0.0534,0.0566,0.0627
1996-04,3,0,164.6,2.612393682,24.35748219,11808.14,2.535357346,4.002379484,-0.69777,-0.23943,-0.55069,5.22,25.42,0.039333,-0.02577,0.026070481,-0.019962802,-0.019449656,-0.00185172,0.023538643,-0.022445948,0.018304432,0.022748162,0.00325068,0.0554,0.0596,0.0651
1996-05,1,0,165,2.545454545,24.18413262,11808.14,2.535357346,4.002379484,-0.7409,-0.25261,-0.42822,5.24,25.81,0.038739,-0.02866,0.003471453,0.019483806,0.039033102,0.058294684,0.02928325,0.008019585,0.022232734,-0.005541826,-0.014015523,0.0564,0.061,0.0674
1996-06,5,0,165.4,2.418379686,24.14775414,11808.14,2.535357346,4.002379484,-0.7213,-0.26495,-0.42849,5.27,25.97,0.038511,-0.03059,0.008759017,0.00899727,0.017555706,0.038160734,-0.018917107,0.050079558,0.001388246,0.005949243,-0.050363011,0.0581,0.063,0.0691
1996-07,5,1,165.7,2.414001207,24.19834711,11914.063,2.535357346,4.050134887,-0.71964,-0.27336,-0.51371,5.4,24.86,0.040228,-0.02847,-0.038526085,-0.022753828,-0.049586777,-0.026626835,-0.069687998,-0.066273228,-0.046408767,-0.080625842,-0.025832931,0.0585,0.0627,0.0687
1996-08,1,0,166,2.289156627,24.20329994,11914.063,2.535357346,4.050134887,-0.73756,-0.27945,-0.64461,5.22,25.41,0.039351,-0.02705,0.013508386,0.031716066,0.035607744,-0.011876168,0.033455732,0.01571575,0.025891312,-0.033384904,0.028335399,0.0567,0.0603,0.0664
1996-09,0,0,166.5,2.222222222,24.33392226,11914.063,2.535357346,4.050134887,-0.7253,-0.268,-0.738,5.3,25.68,0.038941,-0.02936,0.035342568,0.066239707,0.080657024,0.055975692,0.021950257,0.004288597,0.063499561,0.008760846,0.042416452,0.0583,0.0623,0.0683
1996-10,5,0,166.8,2.278177458,24.2972973,12037.775,2.535357346,4.421452443,-0.75574,-0.24633,-0.86617,5.24,26.48,0.037759,-0.02754,0.060750705,0.072364281,0.007032668,0.014898651,0.007648922,0.046387005,0.016116751,0.019707724,0.006858816,0.0555,0.0591,0.0653
1996-11,1,0,167.2,2.153110048,24.31242673,12037.775,2.535357346,4.421452443,-0.73833,-0.24246,-0.97729,5.31,27.59,0.036251,-0.02575,0.042544488,0.094153419,0.082000451,0.053553427,0.046005214,0.014563495,0.06931435,0.06600606,0.046460008,0.0542,0.057,0.062
1996-12,3,0,167.4,2.270011947,24.50819672,12037.775,2.535357346,4.421452443,-0.6687,-0.24306,-0.98402,5.29,27.72,0.03607,-0.02693,0.00287751,-0.037882112,-0.044919842,0.003468485,-0.042295851,-0.010884139,-0.025753329,0.031958208,-0.027282036,0.0547,0.0578,0.063
1997-01,1,0,167.8,2.264600715,24.51401869,12115.472,4.13565398,4.314068944,-0.67307,-0.2242,-1.08201,5.25,28.33,0.035295,-0.03051,0.049233779,0.080622276,0.107853289,0.058104887,0.023421355,0.002870584,0.030330276,0.022854165,0.025189864,0.0561,0.0601,0.0658
1997-02,5,0,168.1,2.260559191,24.57517483,12115.472,4.13565398,4.314068944,-0.68512,-0.21145,-1.19907,5.19,29.27,0.03417,-0.03003,-0.0461156,0.037796014,0.01264266,0.044325542,0.029691123,-0.012642125,-0.001745302,0.03930131,0.024424234,0.0553,0.059,0.0642
1997-03,0,1,168.4,2.256532067,24.45549738,12115.472,4.13565398,4.314068944,-0.63153,-0.2037,-1.19031,5.39,28.8,0.034719,-0.03218,0.049257232,-0.072613077,-0.068642215,-0.057383238,-0.018957002,-0.036398776,-0.030246518,-0.081862745,-0.044819933,0.058,0.0622,0.0669
1997-04,1,1,168.9,2.131438721,24.51800232,12317.221,4.13565398,4.311271716,-0.56499,-0.20901,-1.09906,5.51,27.59,0.036251,-0.03265,0.009687034,0.069771974,0.081055706,0.07689667,0.038868735,-0.019555407,0.058413462,0.031805354,0.024735777,0.0599,0.0645,0.0689
1997-05,1,0,169.2,2.186761229,24.3826087,12317.221,4.13565398,4.311271716,-0.54388,-0.20725,-1.04165,5.5,29.93,0.033413,-0.03369,0.065252153,0.04509018,0.059297501,0.049144618,0.044897377,0.037248551,0.072848058,0.055884092,0.058518031,0.0587,0.0628,0.0671
1997-06,1,0,169.4,2.243211334,24.31231926,12317.221,4.13565398,4.311271716,-0.57872,-0.19022,-1.01206,5.56,31.26,0.031993,-0.03291,0.0357947,0.053909178,0.092188568,0.033372158,0.033078707,0.026131975,0.057369675,0.026603192,0.034620966,0.0569,0.0609,0.0649
1997-07,1,0,169.7,2.239245728,24.37875289,12471.01,4.13565398,4.674702492,-0.61119,-0.1975,-0.97043,5.52,32.77,0.030519,-0.03168,0.06733181,0.117355167,0.018557905,0.037194943,0.077309038,0.018579322,0.065969268,0.006478451,0.084157093,0.0554,0.0589,0.0622
1997-08,3,1,169.8,2.473498233,24.47550432,12471.01,4.13565398,4.674702492,-0.57633,-0.22657,-1.00286,5.54,32.59,0.030688,-0.03231,-0.032586558,-0.075681877,-0.080494595,-0.09232223,-0.035849982,-0.024766098,-0.06263793,-0.044718477,-0.049839823,0.0556,0.0594,0.063
1997-09,1,0,170.2,2.350176263,24.3637931,12471.01,4.13565398,4.674702492,-0.4958,-0.23165,-1.07838,5.54,32.67,0.030612,-0.03149,0.065802969,0.079236067,0.056594532,0.045546822,0.050912096,0.038294099,0.047037018,0.089722675,0.008753161,0.0552,0.0588,0.0621
1997-10,5,1,170.6,2.227432591,24.40470723,12577.495,4.13565398,4.483552816,-0.36251,-0.18393,-1.10158,5.5,32.9,0.030394,-0.02991,-0.027299433,-0.022444815,0.009060643,-0.020511799,-0.021894278,0.006211662,-0.068558033,0.02805259,-0.087993315,0.0546,0.0577,0.0603
1997-11,1,1,170.8,2.341920375,24.30504587,12577.495,4.13565398,4.483552816,-0.36109,-0.10828,-1.06605,5.52,32.34,0.030925,-0.02788,-0.021036188,0.038444023,0.042098229,0.07375216,0.04328469,0.06929547,0.062201448,0.133903134,0.008739164,0.0546,0.0571,0.0588
1997-12,5,0,171.2,2.453271028,24.11155606,12577.495,4.13565398,4.483552816,-0.45527,-0.0902,-1.00204,5.5,33.03,0.030275,-0.02783,-0.004840168,0.04853269,0.041680026,0.036733728,0.024656235,0.071660533,0.008462282,0.028531547,-0.012296514,0.0553,0.0572,0.0581
1998-01,2,0,171.6,2.331002331,23.67445838,12703.742,4.630682833,4.855526883,-0.55357,-0.17434,-0.95465,5.56,32.86,0.030432,-0.02497,-0.054623196,-0.029939702,0.068751924,-0.021368887,0.012667746,-0.042626263,0.008103572,0.053580153,-0.006861427,0.0524,0.0536,0.0554
1998-02,1,0,171.9,2.152414194,23.77334852,12703.742,4.630682833,4.855526883,-0.58869,-0.19937,-1.02455,5.51,34.71,0.02881,-0.02689,0.065581185,0.092555332,0.053601642,0.060980731,0.097618096,0.028487023,0.062404871,0.002009481,0.05548433,0.0531,0.0542,0.0557
1998-03,1,0,172.2,2.032520325,24.02733485,12703.742,4.630682833,4.855526883,-0.57216,-0.18684,-1.08613,5.49,36.3,0.027551,-0.02895,0.041967317,0.05574191,0.035533689,0.046394019,0.06244796,0.061482697,0.054620344,0.106597419,0.05330994,0.0539,0.0556,0.0565
1998-04,4,0,172.5,2.202898551,24.21912351,12821.339,4.630682833,4.092790086,-0.54812,-0.18167,-1.02489,5.45,37.28,0.026826,-0.02957,0.034828657,0.014920724,0.022898245,-0.030384535,0.022972179,-0.025900393,-0.020461878,-0.051486989,0.037414312,0.0538,0.0556,0.0564
1998-05,0,0,172.9,2.082128398,24.05331821,12821.339,4.630682833,4.092790086,-0.54742,-0.1253,-0.88015,5.49,36.96,0.027059,-0.02944,-0.037346848,-0.025075195,-0.021127669,0.015299931,0.032702897,-0.008466168,-0.033414232,-0.007299628,-0.031989131,0.0544,0.0559,0.0565
1998-06,0,0,173.2,1.963048499,24.02492918,12821.339,4.630682833,4.092790086,-0.55996,-0.06605,-0.75227,5.56,36.8,0.027172,-0.02783,-0.012829687,0.040516292,0.071605101,0.038292423,0.040754822,0.034487359,0.017531274,0.017519617,-0.041339713,0.0541,0.0552,0.055
1998-07,5,0,173.5,2.074927954,24.07248018,12982.752,4.630682833,4.103452728,-0.51819,-0.04069,-0.36315,5.54,38.26,0.026137,-0.02846,-0.058043805,-0.00124047,0.003874539,-0.04608996,-0.006415111,-0.052489038,-0.04864722,0.039674071,-0.083582884,0.0536,0.0546,0.0546
1998-08,5,1,174,1.896551724,23.80745342,12982.752,4.630682833,4.103452728,-0.32027,0.02788,0.05312,5.55,35.42,0.02823,-0.02517,-0.116369833,-0.231468298,-0.113306378,-0.118831085,-0.154284177,0.018170682,-0.131635016,-0.09437395,-0.132960569,0.0521,0.0527,0.0534
1998-09,1,1,174.2,2.066590126,23.79921038,12982.752,4.630682833,4.103452728,-0.04859,0.14371,0.26775,5.51,33.53,0.029822,-0.01828,0.136982893,0.018486401,0.116626939,0.002054392,-0.00885378,0.07539603,0.032590143,0.110080874,0.060887772,0.0471,0.0467,0.0481
1998-10,1,1,174.4,2.121559633,23.68953881,13191.67,4.630682833,4.883126569,0.01333,0.2462,0.29984,5.07,33.77,0.029609,-0.01569,0.011763419,0.118928751,0.034866813,0.14922386,0.11468307,-0.021443222,0.095666098,0.074663573,0.03386753,0.0412,0.0409,0.0453
1998-11,0,0,174.8,2.059496568,23.80741157,13191.67,4.630682833,4.883126569,-0.15836,0.24979,0.43625,4.83,37.37,0.02676,-0.02154,0.002866104,0.067307692,0.060059791,0.041795863,0.075291521,0.010670732,0.038187733,0.045425105,0.032452657,0.0453,0.0454,0.0483
1998-12,2,0,175.4,1.881413911,23.69170404,13191.67,4.630682833,4.883126569,-0.26334,0.16807,0.66444,4.68,38.82,0.02576,-0.02074,-0.010838501,0.018795774,0.043007417,0.016838586,0.076713674,0.026835093,0.035057445,0.135640824,-0.037867022,0.0452,0.0451,0.0465
1999-01,2,0,175.6,2.107061503,23.60436486,13315.597,4.595024917,4.816336793,-0.31765,0.02537,0.74536,4.63,40.58,0.024645,-0.02256,-0.072939381,0.019689548,-0.004245079,-0.022894948,0.056161147,-0.045902442,0.015838196,0.082124023,-0.023599047,0.0451,0.0462,0.0472
1999-02,5,0,175.6,2.164009112,23.0524261,13315.597,4.595024917,4.816336793,-0.37815,-0.03851,0.56459,4.76,40.4,0.024752,-0.02525,-0.01017288,0.012134635,0.008146197,-0.042554065,0.001452005,-0.042273398,-0.018225793,-0.026719995,0.00771532,0.047,0.0488,0.05
1999-03,2,0,175.7,2.447353443,23.03846154,13315.597,4.595024917,4.816336793,-0.42035,-0.06119,0.34875,4.81,41.36,0.02418,-0.02812,0.145903879,0.036553042,0.02289439,-0.022158409,0.044123986,-0.019490958,0.039283829,-0.02192831,0.023984375,0.0478,0.0505,0.0523
1999-04,3,0,176.3,2.268859898,22.65722222,13426.748,4.595024917,4.721885912,-0.44061,-0.07148,0.26844,4.74,42.7,0.023417,-0.02838,0.145108611,0.066365366,-0.067172236,0.011089196,0.025670858,0.082860851,0.085164021,0.037566642,0.240482185,0.0469,0.0498,0.0518
1999-05,3,1,176.5,2.379603399,22.47476428,13426.748,4.595024917,4.721885912,-0.41832,-0.06815,0.36101,4.74,42.56,0.023498,-0.0319,-0.029971025,-0.056574838,-0.029723932,0.001907404,-0.043506897,0.058983094,-0.030151734,0.018919931,-0.078233594,0.0485,0.0525,0.0554
1999-06,1,0,176.6,2.54813137,22.28112894,13426.748,4.595024917,4.721885912,-0.33174,-0.05062,0.50331,4.76,42.18,0.023708,-0.03529,0.008587697,0.039722181,0.045035348,-0.012374524,0.059372609,-0.038243879,0.065516409,0.068096049,0.049643024,0.051,0.0562,0.059
1999-07,5,1,177.1,2.48447205,22.13914964,13604.771,4.595024917,4.791118247,-0.17872,-0.02254,0.74134,4.99,43.83,0.022816,-0.03508,0.012309116,-0.063503795,-0.055761254,-0.009638132,-0.058645096,-0.014679467,-0.037594836,-0.023638297,-0.015892187,0.0503,0.0555,0.0579
1999-08,0,1,177.3,2.594472645,21.9630854,13604.771,4.595024917,4.791118247,-0.1243,-0.00178,0.96211,5.07,41.93,0.023849,-0.03555,0.011702322,-0.047017757,0.032431157,-0.018357958,-0.035177229,0.0060347,-0.010628701,-0.097034523,-0.042245333,0.052,0.0568,0.0594
1999-09,4,1,177.8,2.530933633,21.77515118,13604.771,4.595024917,4.791118247,-0.0738,0.00609,1.03191,5.22,41.32,0.024199,-0.035,-0.040619917,-0.053573704,-0.081757953,-0.104321572,0.004691662,-0.051174706,-0.004875922,0.046531423,-0.03068726,0.0525,0.0566,0.0592
1999-10,0,1,178.1,2.52667041,21.61876029,13827.98,4.595024917,4.823574271,-0.0586,0.02419,0.89025,5.2,40.55,0.024659,-0.03644,-0.014599915,0.165006394,0.109842948,0.071442946,0.070442044,0.011722094,0.02366251,0.078182188,0.021917618,0.0543,0.0586,0.0611
1999-11,0,0,178.4,2.634529148,21.48411829,13827.98,4.595024917,4.823574271,-0.1771,0.0778,0.94207,5.42,43.21,0.023144,-0.03716,0.014242699,-0.050062108,0.005744389,0.012772352,0.009575215,-0.078109744,-0.034089582,0.039195348,-0.016000545,0.0555,0.0586,0.0603
1999-12,2,0,178.7,2.574146614,21.32659749,13827.98,4.595024917,4.823574271,-0.24795,0.09503,1.22226,5.3,44.2,0.022625,-0.04017,0.00240328,-0.021651867,-0.089546417,-0.035376484,0.096052439,0.005648521,0.101406067,-0.023622285,0.106836424,0.0584,0.061,0.0628
2000-01,0,1,179.3,2.565532627,21.30005456,13878.147,4.053495038,4.224744861,-0.26176,0.0368,1.35567,5.45,43.77,0.022845,-0.04375,-0.016453554,-0.033041154,0.058540914,-0.068156693,-0.083625672,0.10671909,-0.091374643,-0.036430098,-0.118154539,0.0612,0.0644,0.0666
2000-02,2,1,179.4,2.787068004,21.15443176,13878.147,4.053495038,4.224744861,-0.22977,0.02874,1.32623,5.73,42.19,0.023705,-0.0415,-0.06270911,-0.109839596,-0.105027319,-0.102439779,-0.058334549,-0.066421366,-0.043880837,-0.08079087,-0.098326953,0.0622,0.0661,0.0652
2000-03,1,1,180,2.611111111,21.04826464,13878.147,4.053495038,4.224744861,-0.09701,0.09094,1.05786,5.85,43.22,0.023137,-0.03946,0.10464049,0.183085368,0.05387945,-0.014137119,0.113636364,0.029355803,0.134105263,0.109401231,0.097491941,0.0622,0.0653,0.0626
2000-04,5,1,180.3,2.662229617,20.98213319,14130.908,4.053495038,5.244456811,0.0041,0.13446,0.76695,6.02,43.53,0.022973,-0.03693,-0.008355646,-0.033148159,0.07861828,0.024366074,-0.019817126,0.075455506,0.017932059,-0.062295082,-0.044129236,0.0615,0.064,0.0599
2000-05,0,1,180.7,2.545655783,20.86817936,14130.908,4.053495038,5.244456811,0.0882,0.17452,0.51245,6.27,41.97,0.023829,-0.04057,0.090079605,0.064970325,0.053962661,0.094406191,-0.045933388,0.039285495,-0.006783865,-0.099885691,-0.026081091,0.0633,0.0681,0.0644
2000-06,2,0,181.1,2.705687465,20.97949271,14130.908,4.053495038,5.244456811,0.02627,0.21931,0.24753,6.53,42.78,0.023374,-0.03763,-0.052955244,-0.061599573,0.082987328,0.008527454,-0.02498327,-0.062607052,-0.02489718,0.015911553,-0.091342824,0.0617,0.0648,0.061
2000-07,4,1,181.5,2.699724518,20.80483871,14145.312,4.053495038,3.973172353,-0.11565,0.22585,-0.06004,6.54,42.76,0.023387,-0.03711,-0.022862554,0.101813242,-0.05666202,-0.010878532,-0.012125372,0.069560834,0.008699254,-0.080885327,0.005589431,0.0608,0.0634,0.0605
2000-08,2,0,181.9,2.638812534,20.8251073,14145.312,4.053495038,3.973172353,-0.19348,0.21343,-0.4075,6.5,42.87,0.023327,-0.03497,0.072038396,0.093752688,0.005014251,-0.014698984,-0.019839432,0.131899853,0.089901064,-0.023840954,0.012295772,0.0618,0.0623,0.0583
2000-09,5,1,182.3,2.63302249,20.97589716,14145.312,4.053495038,3.973172353,-0.17333,0.21263,-0.69712,6.52,41.9,0.023867,-0.03413,0.031338786,0.023067446,0.049577228,0.043379358,-0.021776798,0.089413969,-0.013016819,-0.009875835,-0.099584027,0.0613,0.0608,0.058
2000-10,5,1,182.6,2.628696605,20.85408872,14229.765,4.053495038,2.90559431,-0.16948,0.29759,-0.8635,6.51,39.37,0.0254,-0.032,-0.02020202,-0.005662456,0.035976983,0.115601075,-0.01936315,-0.040129945,0.025891091,0.021893883,0.096091657,0.0601,0.0591,0.0574
2000-11,5,1,183.1,2.730748225,20.86766275,14229.765,4.053495038,2.90559431,-0.16154,0.48709,-1.16842,6.51,38.78,0.025785,-0.03141,-0.029948028,-0.060941043,0.041344668,0.044130346,-0.058990148,-0.014981087,-0.043032579,-0.143007574,-0.031189412,0.0609,0.0588,0.0572
2000-12,3,1,183.3,2.782324059,20.62679426,14229.765,4.053495038,2.90559431,-0.16921,0.62364,-1.67104,6.4,37.27,0.026828,-0.02557,0.057792807,0.089619406,0.027179963,0.036606599,0.034986695,0.091556768,0.010252059,-0.079584121,0.145131819,0.056,0.0535,0.0524
2001-01,2,1,183.9,2.610114192,20.70329087,14183.12,2.150253259,2.197505186,-0.27944,0.52985,-1.89507,5.98,36.98,0.027042,-0.02456,-0.030306805,-0.004306329,-0.082385081,-0.063111484,0.135005269,-0.098134518,-0.01035798,0.143253235,-0.025985867,0.0481,0.0476,0.0516
2001-02,5,1,184.4,2.548806941,20.76152623,14183.12,2.150253259,2.197505186,-0.31299,0.42948,-1.9611,5.49,35.83,0.027906,-0.02309,-0.022434388,-0.067125297,0.001156411,0.011877017,-0.077577243,0.032900477,-0.015381351,-0.089957783,0.008737031,0.0468,0.0466,0.051
2001-03,5,1,184.7,2.436383324,20.58910629,14183.12,2.150253259,2.197505186,-0.25434,0.35478,-1.96382,5.31,32.33,0.030935,-0.01796,-0.015635265,-0.031043271,-0.074858688,-0.053062852,-0.046781271,-0.0085967,-0.084177261,-0.050091299,-0.045549455,0.043,0.0434,0.0489
2001-04,2,1,185.1,2.485143166,20.76004228,14271.694,2.150253259,0.996298327,-0.32018,0.27227,-1.93726,4.8,32.17,0.031081,-0.02032,0.099038975,0.035731274,0.026564658,-0.009074325,0.085568273,0.057390607,0.121872794,0.038601413,0.111570248,0.0398,0.0423,0.0514
2001-05,5,1,185.3,2.536427415,20.66684238,14271.694,2.150253259,0.996298327,-0.41196,0.21222,-1.94365,4.21,34.07,0.029347,-0.02455,0.001416889,0.038280743,0.010299141,0.01793722,0.027428705,-0.035646568,0.028975883,-0.016007203,0.036300022,0.0378,0.0426,0.0539
2001-06,3,1,186,2.258064516,20.64421053,14271.694,2.150253259,0.996298327,-0.47168,0.20496,-1.98432,3.97,33.07,0.03024,-0.02256,-0.067954885,-0.001196888,-0.046539624,-0.032923719,-0.015525598,-0.081301612,-0.039879072,-0.043770017,-0.043820778,0.0358,0.0408,0.0528
2001-07,5,1,186.4,2.199570815,20.72712934,14214.516,2.150253259,0.489236293,-0.51481,0.18892,-1.93987,3.77,32.16,0.031092,-0.02131,-0.016568355,-0.017531977,0.052921424,0.007048669,0.002884837,-0.047191011,-0.034353441,0.041679957,0.001324114,0.0362,0.0404,0.0524
2001-08,0,1,186.7,2.356722014,20.7191601,14214.516,2.150253259,0.489236293,-0.4412,0.21259,-1.79483,3.65,31.4,0.031843,-0.01786,-0.039075593,-0.06241714,-0.037275163,0.04051995,-0.106278526,-0.03155885,-0.044002345,-0.092834541,-0.011460476,0.0347,0.0376,0.0497
2001-09,5,1,187.1,2.244788883,20.47776033,14214.516,2.150253259,0.489236293,-0.37046,0.28746,-1.71474,3.07,27.67,0.036144,-0.01116,-0.067789609,-0.060378959,0.014443208,-0.020500618,-0.126941893,-0.117766439,-0.123941287,0.056652602,-0.113109394,0.0282,0.0312,0.0473
2001-10,2,1,187.4,2.187833511,20.57449033,14253.574,2.150253259,0.167318294,-0.42917,0.3118,-1.66771,2.49,28.58,0.034993,-0.01071,0.031559254,-0.020165538,-0.005721153,-0.006306938,0.022758553,-0.004732172,0.01981714,-0.135289107,0.023713759,0.0233,0.0273,0.0457
2001-11,1,1,188.1,2.02020202,20.63916449,14253.574,2.150253259,0.167318294,-0.42203,0.28924,-1.5387,2.09,30.01,0.033328,-0.01317,-0.041953036,0.069666718,0.04718865,0.021673719,0.135291008,-0.058244734,0.092270075,0.017979188,0.116067774,0.0218,0.0278,0.0465
2001-12,3,0,188.4,1.963906582,20.54715998,14253.574,2.150253259,0.167318294,-0.42117,0.24977,-1.3733,1.82,30.5,0.032787,-0.01811,0.052657799,0.020187807,-0.032542152,0.004969859,0.023960715,0.022929668,0.043749755,0.016814855,-0.025082508,0.0222,0.0311,0.0509
2002-01,4,1,188.7,1.960784314,20.62727746,14372.785,1.319612031,1.337258657,-0.50831,0.16653,-1.20612,1.73,30.28,0.033028,-0.01737,-0.019072409,-0.017761639,-0.010321844,0.010440038,-0.008930048,-0.05950096,-0.053053392,-0.081434775,0.018731663,0.0216,0.0303,0.0504
2002-02,5,1,189.1,1.797990481,20.70114345,14372.785,1.319612031,1.337258657,-0.54975,0.11804,-1.12909,1.74,29.09,0.034381,-0.01472,0.039417185,-0.015962172,0.002541862,0.039878552,0.011972301,-0.026676385,0.023165256,-0.064434659,0.049844927,0.0223,0.0302,0.0491
2002-03,0,0,189.2,1.744186047,20.81506494,14372.785,1.319612031,1.337258657,-0.53772,0.07415,-1.22493,1.73,30.29,0.033012,-0.01979,0.066375789,0.065262974,0.001463746,0.032771168,0.0168185,0.118990565,0.014951456,-0.021596179,0.032847999,0.0257,0.0356,0.0528
2002-04,5,1,189.7,1.47601476,20.93194805,14460.848,1.319612031,1.325378753,-0.58905,-0.00497,-1.31167,1.75,29.01,0.034476,-0.01762,-0.051057717,-0.028048881,-0.062640288,0.018523988,-0.040904853,-0.022217761,-0.093667496,-0.159391581,-0.048896758,0.0248,0.0342,0.0521
2002-05,0,1,190,1.526315789,20.95168831,14460.848,1.319612031,1.325378753,-0.63174,-0.04197,-1.33999,1.75,28.13,0.035552,-0.01605,0.000917389,-0.003318989,-0.020716155,0.008202834,-0.001183532,-0.09109575,0.001435386,0.036357516,0.046899613,0.0235,0.0326,0.0516
2002-06,5,1,190.2,1.472134595,20.78589943,14460.848,1.319612031,1.325378753,-0.55745,0.04201,-1.35988,1.75,26.39,0.037896,-0.0114,-0.002887127,-0.049132214,-0.092408303,-0.060979619,-0.080956411,-0.074322289,-0.05868218,-0.125629365,-0.022365091,0.022,0.0299,0.0493
2002-07,5,1,190.5,1.522309711,20.90673575,14519.633,1.319612031,2.146516983,-0.46164,0.13564,-1.35832,1.73,23.46,0.04262,-0.00388,-0.128182737,-0.082893097,-0.02202381,-0.046297917,-0.117695814,-0.143252257,-0.042859062,-0.130026934,-0.112774591,0.0196,0.0256,0.0465
2002-08,0,1,191.1,1.308215594,20.93071355,14519.633,1.319612031,2.146516983,-0.41195,0.18119,-1.23382,1.74,23.59,0.042393,-0.00021,-0.003742949,0.020776027,0.010859468,0.009589795,0.025677157,0.033042157,-0.022880404,-0.017615031,-0.007017821,0.0176,0.0213,0.0426
2002-09,5,1,191.3,1.254573968,21.04132231,14519.633,1.319612031,2.146516983,-0.39152,0.19212,-1.08499,1.75,22.37,0.044713,0.006013,-0.086570007,-0.118631709,-0.064932184,-0.074989774,-0.086551672,-0.132169118,-0.121725806,-0.14149098,-0.130707536,0.0172,0.02,0.0387
2002-10,2,1,191.5,1.305483029,21.16675271,14537.58,1.319612031,1.992524822,-0.43591,0.18346,-0.97006,1.75,21.96,0.045545,0.006145,0.028617773,0.087946477,0.058731826,0.034294699,0.064393939,-0.021711502,0.037947767,0.318734177,0.049968028,0.0165,0.0191,0.0394
2002-11,1,1,191.9,1.094319958,21.09329897,14537.58,1.319612031,1.992524822,-0.52682,0.14603,-0.78688,1.34,23.35,0.042829,0.002329,0.031707592,0.039310983,0.025288092,-0.030212341,0.048409043,0.020352928,0.062194674,0.119888654,0.117017574,0.0149,0.0192,0.0405
2002-12,5,1,192.1,1.093180635,21.31907216,14537.58,1.319612031,1.992524822,-0.55318,0.10114,-0.6212,1.24,23.1,0.043287,0.002987,-0.000327529,-0.055479561,-0.036590696,0.002302229,-0.087755204,0.037241379,-0.048019386,-0.076197823,-0.044395981,0.0145,0.0184,0.0403
2003-01,2,1,192.4,1.143451143,21.40010299,14614.141,1.651523685,1.679257012,-0.5869,0.02896,-0.50737,1.24,22.9,0.043671,0.003171,-0.025937858,-0.018894615,-0.004990602,-0.036751051,-0.032941176,-0.033346972,-0.048779221,-0.069864539,-0.049963322,0.0136,0.0174,0.0405
2003-02,2,1,192.5,1.246753247,21.25436793,14614.141,1.651523685,1.679257012,-0.60385,0.00531,-0.54767,1.26,21.21,0.047138,0.008138,0.015024106,-0.032784071,-0.019378583,-0.029020802,-0.008940191,-0.053121693,-0.018349626,-0.083591022,-0.029684283,0.013,0.0163,0.039
2003-03,1,1,192.5,1.558441558,21.18265777,14614.141,1.651523685,1.679257012,-0.64685,-0.02982,-0.69236,1.25,21.31,0.046927,0.008827,0.011322214,-0.005962733,0.033611213,-0.005904483,0.026777048,0.046043809,0.012183588,-0.003700882,-0.000353669,0.0124,0.0157,0.0381
2003-04,1,1,192.5,1.766233766,21.03580563,14743.567,1.651523685,1.955065152,-0.74113,-0.06732,-0.82691,1.26,22.43,0.044587,0.004987,-0.004860466,0.120505588,0.033899939,0.02890933,0.115547153,0.084508547,0.105969001,0.089806621,0.091809659,0.0127,0.0162,0.0396
2003-05,1,0,192.9,1.710730949,21.01684533,14743.567,1.651523685,1.955065152,-0.80227,-0.06208,-0.88718,1.26,23.59,0.042389,0.006689,0.081110745,0.050761583,0.016782695,0.047100894,0.050343934,0.098413949,0.026041149,0.067067669,0.028191834,0.0118,0.0142,0.0357
2003-06,1,0,193,1.865284974,21.06472987,14743.567,1.651523685,1.955065152,-0.78256,-0.09391,-0.88408,1.22,24.83,0.04027,0.00697,-0.01106599,0.000545868,0.042364592,0.007318144,0.014379271,0.008520179,0.01593529,0.035794814,0.006618342,0.0101,0.0123,0.0333
2003-07,3,0,193.4,1.758014478,20.9750763,14988.782,1.651523685,3.231135388,-0.72556,-0.16697,-0.81015,1.01,24.87,0.040213,0.000413,-0.025202751,0.043312218,-0.015336344,-0.007022812,0.021239766,-0.068119164,0.028510131,-0.061315193,0.078428303,0.0112,0.0147,0.0398
2003-08,1,0,193.6,1.704545455,21.03404472,14988.782,1.651523685,3.231135388,-0.682,-0.20271,-0.60513,1.03,24.64,0.040581,-0.00392,0.056658417,-0.011707629,-0.038625331,0.019217637,0.049429658,0.014028056,0.040977147,0,0.028668892,0.0131,0.0186,0.0445
2003-09,5,0,193.7,1.961796593,21.07922803,14988.782,1.651523685,3.231135388,-0.69838,-0.21255,-0.52385,1.01,25.24,0.039614,-0.00309,-0.025016196,0.004732649,0.003190633,-0.004785605,-0.047930854,0.042348955,-0.027964554,-0.042226302,-0.047414097,0.0124,0.0171,0.0427
2003-10,1,0,194,2.010309278,20.9043038,15162.76,1.651523685,4.300440651,-0.70971,-0.2488,-0.51144,1.01,25.68,0.038937,-0.00396,0.008075645,0.066208309,0.006607998,0.048326601,0.088950023,0.008035392,0.055888955,0.044995964,0.091104363,0.0125,0.0175,0.0429
2003-11,1,0,194,2.216494845,20.86457807,15162.76,1.651523685,4.300440651,-0.71765,-0.26758,-0.43135,1,25.95,0.03854,-0.00446,-0.00136896,-0.004417858,0.014509648,0.00843998,0.008463158,-0.00367219,0.013623151,-0.012647229,0.020636752,0.0134,0.0193,0.043
2003-12,1,0,194.2,2.265705458,20.75542108,15162.76,1.651523685,4.300440651,-0.73344,-0.29576,-0.3753,0.98,26.64,0.037544,-0.00516,0.137997563,0.04685519,0.057268989,0.016602229,0.038370005,0.06427544,0.068955186,0.088491249,0.099700698,0.0131,0.0191,0.0427
2004-01,2,0,194.6,2.261048304,20.63645519,15248.68,4.161271664,4.341952086,-0.77525,-0.34016,-0.51234,1,27.66,0.036155,-0.00534,0.012492192,0.029487652,0.02716925,0.000850112,-0.008202654,0.018498184,0.010771202,0.036920589,-0.04814322,0.0124,0.0176,0.0415
2004-02,4,0,194.9,2.308876347,20.5080402,15248.68,4.161271664,4.341952086,-0.80405,-0.33686,-0.65007,1.01,27.65,0.036165,-0.00463,0.040098705,0.025113805,0.006905001,0.056685592,0.020230276,0.015093714,-0.011092184,0.019838863,0.048608464,0.0124,0.0174,0.0408
2004-03,5,0,195.5,2.352941176,20.44734203,15248.68,4.161271664,4.341952086,-0.78792,-0.34256,-0.61026,1,26.89,0.037193,-0.00111,-0.006736146,-0.011875062,-0.041698927,-0.005838304,-0.001589509,0.007434641,-0.013900573,-0.015035678,-0.020965885,0.0119,0.0158,0.0383
2004-04,5,0,195.9,2.194997448,20.31734133,15366.85,4.161271664,4.227491217,-0.70895,-0.36023,-0.37141,1,26.9,0.037174,-0.00633,0.016464065,-0.048550798,0.030557479,0.011191966,-0.016159204,-0.039169573,-0.001828079,-0.005778353,-0.048338182,0.0143,0.0207,0.0435
2004-05,3,1,196.2,2.191641182,20.55244755,15366.85,4.161271664,4.227491217,-0.66966,-0.33429,-0.24388,1,25.9,0.038606,-0.00859,0.000965129,0.01700942,-0.003555929,-0.01346688,0.006877301,0.004726536,0.02242481,-0.041030534,0.021396982,0.0178,0.0253,0.0472
2004-06,1,0,196.6,2.034587996,20.54264339,15366.85,4.161271664,4.227491217,-0.66607,-0.31225,-0.22366,1.03,26.4,0.037877,-0.00942,0.051479836,0.00294839,-0.003428122,0.002260899,0.004419623,0.01234879,0.057957169,0.03030303,0.049028972,0.0212,0.0276,0.0473
2004-07,5,0,196.8,2.083333333,20.66999003,15512.619,4.161271664,3.494860356,-0.68314,-0.29368,-0.27276,1.26,25.7,0.038917,-0.00608,0.033211068,-0.023179583,-0.054220944,-0.04962758,-0.039801592,0.014106713,-0.021070058,0.031255487,-0.022094082,0.021,0.0264,0.045
2004-08,5,1,196.9,2.133062468,20.73917372,15512.619,4.161271664,3.494860356,-0.70757,-0.25927,-0.29451,1.43,25.17,0.039723,-0.00308,-0.013852981,0.032198786,0.015621739,0.018764835,-0.001624729,0.036249079,-0.003612883,0.011408139,0.015641487,0.0202,0.0251,0.0428
2004-09,2,0,197.5,1.924050633,20.74440577,15512.619,4.161271664,3.494860356,-0.72397,-0.23894,-0.24271,1.61,25.67,0.038958,-0.00234,0.083698544,-0.010552932,-0.018698447,-0.029628978,0.028875443,0.006080227,0.02021293,0.011616162,0.036851433,0.0212,0.0253,0.0413
2004-10,2,0,197.9,2.071753411,20.87232986,15670.88,4.161271664,3.351104944,-0.73486,-0.25531,-0.13652,1.76,25.41,0.039352,-0.00165,0.0061744,0.002216543,-0.022225546,0.005889282,0.040434765,0.046385684,0.010700242,0.00898652,-0.008192856,0.0223,0.0258,0.041
2004-11,1,0,198.3,2.118003026,20.67722772,15670.88,4.161271664,3.351104944,-0.74462,-0.26288,-0.11077,1.93,26.47,0.037785,-0.00411,0.057238211,0.027788619,0.015296601,0.028688525,0.039448039,0.037653765,0.057049867,0.039666832,0.075414512,0.025,0.0285,0.0419
2004-12,0,0,198.6,2.114803625,20.61283951,15670.88,4.161271664,3.351104944,-0.72422,-0.24661,-0.14412,2.16,27.14,0.036839,-0.00546,-0.020298021,0.040631883,0.056076174,0.03756403,0.045901148,0.023565129,0.02480889,0.024034267,0.012102122,0.0267,0.0301,0.0423
2005-01,5,0,199,2.110552764,20.58530572,15844.727,3.761800377,3.908843257,-0.73651,-0.24008,-0.14386,2.28,26.59,0.037612,-0.00459,0.027162804,-0.023110981,-0.032384159,0.010886535,-0.041807099,0.019138418,-0.027143696,-0.075987607,-0.031067431,0.0286,0.0322,0.0422
2005-02,0,0,199.4,2.106318957,20.54872047,15844.727,3.761800377,3.908843257,-0.74339,-0.24281,-0.10722,2.5,26.74,0.03739,-0.00431,0.182851553,-0.007620281,0.028956447,0.000918312,-0.005126478,0.016769455,0.004437187,0.006454858,0.075791728,0.0303,0.0338,0.0417
2005-03,5,0,200.1,2.098950525,20.58447937,15844.727,3.761800377,3.908843257,-0.69784,-0.2162,-0.05471,2.63,26.34,0.037966,-0.00703,-0.036414965,-0.040250941,-0.005874767,-0.01096793,-0.012901042,0.007837525,0.002473848,-0.017324671,-0.028180818,0.033,0.0373,0.045
2005-04,5,1,200.2,2.297702298,20.36857562,15922.782,3.761800377,3.61773558,-0.66864,-0.13826,0.01373,2.79,25.41,0.039356,-0.00404,-0.05309106,-0.001699524,0.033525512,-0.011975038,-0.064700503,0.029145253,-0.030670521,0.001271402,-0.070231229,0.0332,0.0365,0.0434
2005-05,1,0,200.5,2.443890274,20.38623047,15922.782,3.761800377,3.61773558,-0.67181,-0.10514,0.0606,3,25.65,0.038986,-0.00241,0.013626277,0.025719599,0.007949126,0.02005804,0.058461664,-0.001905513,0.022221414,0.012105308,-0.011594203,0.0333,0.0364,0.0414
2005-06,4,0,200.6,2.642073779,20.31986368,15922.782,3.761800377,3.61773558,-0.6764,-0.11181,0.11595,3.04,26.07,0.038361,-0.00164,0.057780656,0.012154329,-0.004150755,-0.019998326,-0.001616566,0.054904542,-0.02910307,0.012796922,-0.02,0.0336,0.0364,0.04
2005-07,1,0,200.9,2.68790443,20.22340942,16047.587,3.761800377,3.448598847,-0.69517,-0.1135,0.17831,3.26,26.29,0.03804,-0.00376,0.057014603,0.013143621,0.02281316,0.030993852,0.055399206,0.020469296,0.033236835,0.031299034,0.052785924,0.0364,0.0387,0.0418
2005-08,0,0,201.1,2.834410741,20.13039263,16047.587,3.761800377,3.448598847,-0.68214,-0.10346,0.16905,3.5,26.1,0.038308,-0.00429,0.050961035,-0.020119522,-0.00556929,-0.01552795,-0.035103741,0.004586595,-0.024294226,-0.034673286,-0.043488147,0.0387,0.0404,0.0426
2005-09,4,0,201.3,2.930948833,20.12717602,16047.587,3.761800377,3.448598847,-0.61909,-0.11873,0.00946,3.62,25.73,0.038865,-0.00314,0.059956443,0.008080911,-0.006201508,0.011440589,-0.029301533,0.037499239,0.011122824,-0.015180423,0.005467729,0.0385,0.0395,0.042
2005-10,5,0,202,2.772277228,20.09749035,16136.734,3.761800377,2.972736694,-0.59984,-0.13894,-0.21644,3.78,24.88,0.040199,-0.0044,-0.09392019,0.029770608,-0.030238887,-0.004324864,-0.02016302,-0.064366602,-0.011467807,-0.020805256,0.005260669,0.0418,0.0427,0.0446
2005-11,2,0,202.5,2.617283951,20.0105973,16136.734,3.761800377,2.972736694,-0.58225,-0.13471,-0.36857,4,25.93,0.038563,-0.00684,0.013469209,0.042667254,0.007738753,0.007183728,0.037971661,-0.00683557,0.055567678,0.04911828,0.070735579,0.0433,0.0442,0.0454
2005-12,0,0,202.8,2.613412229,20.05822907,16136.734,3.761800377,2.972736694,-0.58759,-0.10999,-0.33143,4.16,26.44,0.037816,-0.00688,0.00479849,0.001079964,0.033755274,-0.004063861,-0.009164813,0.008145482,0.001171364,-0.037143326,0.027567271,0.0435,0.044,0.0447
2006-01,2,0,203.2,2.657480315,20.09610764,16353.835,3.113080204,3.213106796,-0.65272,-0.1089,-0.27211,4.29,26.47,0.03778,-0.00642,0.138518499,0.007340525,0.014013605,-0.001748761,0.017183328,0.023424778,-0.004542326,0.032444861,0.046761437,0.0445,0.044,0.0442
2006-02,5,0,203.6,2.718565815,20.0704698,16353.835,3.113080204,3.213106796,-0.67608,-0.12606,-0.32599,4.49,26.25,0.038096,-0.0076,-0.081440287,0.017740321,0.007728432,0.009676747,0.006087585,0.006670747,0.02367948,0.065572418,-0.021493848,0.0468,0.0467,0.0457
2006-03,4,0,204.3,2.505139501,20.01721376,16353.835,3.113080204,3.213106796,-0.64816,-0.14607,-0.4427,4.59,26.33,0.037983,-0.00922,0.038429964,0.000686263,-0.012968338,0.001858966,0.003441364,-0.049182321,0.045250397,0.030575122,0.042784097,0.0477,0.0473,0.0472
2006-04,1,0,204.8,2.415527344,19.82924104,16396.151,3.113080204,2.972903856,-0.63071,-0.1455,-0.49848,4.79,26.15,0.038245,-0.01166,0.05113889,0.040598926,-0.032185831,0.006143823,0.012700686,0.014130435,0.019998062,-0.029142256,0.035374762,0.049,0.0489,0.0499
2006-05,5,0,205.4,2.267770204,19.77620657,16396.151,3.113080204,2.972903856,-0.57463,-0.13933,-0.51822,4.94,25.65,0.038985,-0.01211,-0.03179938,-0.039366446,-0.022607532,0.004835867,-0.016151241,0.011285543,-0.017642215,-0.030094383,-0.043203016,0.05,0.0497,0.0511
2006-06,5,1,205.9,2.181641574,19.69551267,16396.151,3.113080204,2.972903856,-0.51596,-0.12245,-0.47775,4.99,24.75,0.040405,-0.0107,0.020390824,-0.007226326,0.000199646,0.011949916,-0.003631274,0.021197007,-0.006609705,0.046901173,-0.001010152,0.0516,0.0512,0.0511
2006-07,5,1,206.3,2.168201648,19.65569033,16420.738,3.113080204,2.325277937,-0.5789,-0.09671,-0.45066,5.24,24.7,0.040491,-0.01041,0.049625312,0.023080644,0.053979298,0.018015476,-0.033901522,0.048168498,-0.053099643,0.042209524,-0.034936043,0.0522,0.0512,0.0509
2006-08,3,0,206.8,2.088491296,19.55278902,16420.738,3.113080204,2.325277937,-0.64363,-0.07715,-0.47963,5.25,25.05,0.039918,-0.00888,-0.04070624,0.007835191,0.026838375,0.035947583,0.018744106,0.023064826,0.01168849,0.011477447,0.026980302,0.0508,0.049,0.0488
2006-09,1,0,207.2,2.101351351,19.61737219,16420.738,3.113080204,2.325277937,-0.65837,-0.06185,-0.50165,5.25,25.64,0.038995,-0.0082,-0.028044891,0.04065858,0.014175054,-0.003515879,0.063992285,-0.018901224,0.03774352,0.039968199,-0.002397592,0.0497,0.0477,0.0472
2006-10,1,0,207.6,2.15655106,19.50234928,16561.866,3.113080204,2.634560376,-0.70397,-0.04619,-0.46603,5.25,26.54,0.037682,-0.00962,0.044630269,0.022647747,0.004182687,0.018293384,0.064312645,0.053211861,0.022854158,0.034609771,0.058754346,0.0501,0.048,0.0473
2006-11,1,0,207.8,2.338787295,19.54431645,16561.866,3.113080204,2.634560376,-0.71447,-0.03597,-0.42398,5.25,26.93,0.037136,-0.00886,0.080560339,0.002267098,-0.005432955,-0.010771317,0.009946182,0.018732782,0.021449775,-0.003291462,0.041342671,0.0501,0.0474,0.046
2006-12,5,0,208.1,2.435367612,19.35295777,16561.866,3.113080204,2.634560376,-0.71341,-0.07174,-0.35771,5.24,27.28,0.036653,-0.00895,-0.019015419,0.037385331,0.011211404,0.021891419,0.021652614,0.009194159,0.008187244,0.045626095,0.004406104,0.0494,0.0467,0.0456
2007-01,1,0,208.6,2.478906999,19.31622007,16611.69,1.552250253,1.57672497,-0.75545,-0.10838,-0.32332,5.25,27.21,0.036755,-0.01085,-0.018483964,0.007025903,0.030097237,0.018404679,0.027631058,-0.00375134,0.013049004,0.030937802,0.044745105,0.0506,0.0488,0.0476
2007-02,4,0,209.135,2.297080833,19.38195546,16611.69,1.552250253,1.57672497,-0.72886,-0.1009,-0.33598,5.26,27.32,0.03661,-0.01059,-0.022992105,-0.032819423,-0.025122365,-0.01726724,-0.030389669,0.047713825,-0.015175621,-0.00668959,0.020287293,0.0505,0.0485,0.0472
2007-03,4,0,209.418,2.388524387,19.52519176,16611.69,1.552250253,1.57672497,-0.67274,-0.06966,-0.29927,5.26,26.23,0.038128,-0.00747,0.0607559,-0.008602463,0.001972437,0.015076499,-0.006294934,0.038866355,0.008170747,0.038645519,0.016764859,0.0492,0.0457,0.0456
2007-04,1,0,209.747,2.294669292,19.51823524,16713.314,1.552250253,1.93437472,-0.64417,-0.07835,-0.21398,5.25,26.98,0.03707,-0.00983,0.052075016,0.039768332,0.07094465,0.031758838,0.024939152,0.041316596,0.047117192,0.000666586,0.019257808,0.0493,0.0467,0.0469
2007-05,1,0,210.058,2.322215769,19.60756898,16713.314,1.552250253,1.93437472,-0.5749,-0.127,-0.09616,5.25,27.55,0.0363,-0.0112,0.072430769,0.019807356,0.013105753,0.013542333,0.026707004,0.00450878,0.043466745,0.095984982,0.054591815,0.0491,0.0477,0.0475
2007-06,4,0,210.392,2.391725921,19.63793874,16713.314,1.552250253,1.93437472,-0.53775,-0.11887,0.21197,5.25,27.42,0.036472,-0.01453,0.013197911,-0.042848129,-0.036240251,-0.023531475,-0.017140866,-0.054571226,-0.000197422,-0.026356503,-0.008680487,0.0496,0.0498,0.051
2007-07,5,1,210.773,2.463313612,19.48482992,16809.587,1.552250253,2.368036077,-0.3318,0.1099,0.55195,5.26,27.41,0.036483,-0.01352,0.007060467,-0.079499804,-0.044082052,-0.023847148,-0.058283099,-0.03818091,0.009957687,-0.028885988,-0.022870852,0.0496,0.0482,0.05
2007-08,5,1,211.119,2.498117176,19.32442757,16809.587,1.552250253,2.368036077,0.13979,0.43086,0.93292,5.02,26.15,0.038243,-0.00846,0.005436311,0.012622533,0.022661006,0.02468727,0.002361962,0.018341474,-0.001955143,-0.000759701,-0.007774777,0.0447,0.0431,0.0467
2007-09,0,1,211.554,2.438620872,19.17714529,16809.587,1.552250253,2.368036077,0.01005,0.38092,1.25119,4.94,26.73,0.037417,-0.00778,0.080395264,0.019957565,0.029361745,0.041614305,-0.009801243,0.032858819,0.045196317,0.04456401,0.076336193,0.0414,0.0401,0.0452
2007-10,4,0,212.077,2.221362996,19.22127422,16915.191,1.552250253,2.133364682,-0.06515,0.3363,1.62945,4.76,27.32,0.036602,-0.0087,0.010337032,-0.019913758,0.018538316,0.016580489,6.90E-05,0.066096922,-0.005756667,-0.014668832,0.039963217,0.041,0.0397,0.0453
2007-11,5,1,212.66,2.015893915,19.43327121,16915.191,1.552250253,2.133364682,0.44647,0.55166,2.03357,4.49,25.73,0.038867,-0.00263,-0.039849008,-0.080499668,0.008587581,0.028551083,-0.058419837,0.001019415,-0.03732529,-0.07250412,-0.050954241,0.035,0.0334,0.0415
2007-12,2,1,213.168,1.762459656,19.58635058,16915.191,1.552250253,2.133364682,0.44261,0.66238,2.13034,4.24,25.96,0.038527,-0.00247,0.07277676,-0.057250715,-0.031006835,-0.012461675,-0.049445116,0.000370319,-0.008728005,0.030815414,0.008734811,0.0326,0.0312,0.041
2008-01,0,1,213.771,1.672350319,19.88613576,16843.003,1.373347734,1.392471206,0.24008,0.75423,2.08603,3.94,24.02,0.041628,0.004228,-0.109263067,-0.006044685,-0.049060288,-0.05338007,-0.013100605,-0.069640461,-0.044616904,-0.098835136,-0.040255542,0.0271,0.0248,0.0374
2008-02,4,1,213.939,1.800980653,19.97736328,16843.003,1.373347734,1.392471206,0.5743,1.0406,2.13895,2.98,23.5,0.042562,0.005162,0.066610816,-0.114315773,-0.025436345,-0.002574411,-0.040799594,-0.053118472,-0.03074969,-0.095957264,0.018566044,0.0205,0.0197,0.0374
2008-03,5,1,214.42,1.787613096,19.92451513,16843.003,1.373347734,1.392471206,0.79438,1.07081,2.23487,2.61,22.61,0.044234,0.009134,-0.026669925,-0.030710395,-0.04977745,0.029664463,-0.009605992,0.013972056,0.031633804,0.048949519,-0.013345931,0.0154,0.0162,0.0351
2008-04,1,1,214.56,1.932326622,19.84577532,16943.291,1.373347734,1.376010766,0.55148,0.82944,2.3785,2.28,23.36,0.042815,0.006015,0.108652381,0.06342659,0.014218798,-0.00384589,0.04224889,0.052061749,0.013382175,0.038597955,0.053267896,0.0174,0.0205,0.0368
2008-05,0,0,214.936,1.846130941,19.79415288,16943.291,1.373347734,1.376010766,0.37238,0.72407,2.72447,1.98,23.7,0.0422,0.0034,0.031605849,-0.063662938,0.016998251,0.012823164,0.004652997,0.028903442,0.008104011,0.033480648,0.046141607,0.0206,0.0245,0.0388
2008-06,5,1,215.424,1.711972668,19.78629902,16943.291,1.373347734,1.376010766,0.54471,0.85502,2.9105,2,22.42,0.044609,0.003609,0.02229609,-0.186653859,-0.047294029,-0.067558369,-0.122497841,-0.010624043,-0.124833729,-0.115848128,-0.057251494,0.0242,0.0277,0.041
2008-07,5,1,215.965,1.527099298,19.91082186,16854.295,1.373347734,0.265967272,0.52241,0.90169,2.80611,2.01,20.91,0.04783,0.00773,-0.13993865,0.068056837,0.049331528,0.032485309,0.004249228,-0.062735803,0.017478936,-0.068078558,-0.041676269,0.0228,0.0257,0.0401
2008-08,1,1,216.393,1.433965054,20.07497845,16854.295,1.373347734,0.265967272,0.72258,1.05408,2.51167,2,21.4,0.046725,0.007825,-0.008363649,-0.013131069,0.017310432,0.025135221,0.070283271,-0.01852712,0.016788985,0.035700244,-0.028177482,0.0218,0.0242,0.0389
2008-09,5,1,216.713,1.479837389,20.21950286,16854.295,1.373347734,0.265967272,1.79498,1.60584,2.50204,1.81,20.36,0.049109,0.012209,-0.119984894,-0.05220771,-0.063281106,-0.016139044,-0.079275905,-0.116626354,-0.121554725,-0.126945562,-0.172399571,0.0191,0.0208,0.0369
2008-10,5,1,216.788,1.712733177,20.22008003,16485.35,1.373347734,-2.541153688,2.7699,2.42744,2.89304,0.97,16.39,0.061023,0.022923,-0.180116481,-0.227390276,-0.118046937,-0.110830705,-0.192677966,-0.118690476,-0.189274677,-0.095225672,-0.221768165,0.0142,0.0161,0.0381
2008-11,5,1,216.947,1.714243571,20.16725548,16485.35,1.373347734,-2.541153688,2.86119,2.78218,3.24862,0.39,15.26,0.065532,0.030232,0.003963012,-0.187347583,-0.071832923,-0.020143488,-0.097805397,0.024314467,-0.076057222,0.064206075,-0.112192623,0.0107,0.0121,0.0353
2008-12,3,1,216.925,1.823671776,20.33933637,16485.35,1.373347734,-2.541153688,2.49195,2.53959,3.53672,0.16,15.38,0.065036,0.040836,-0.040839126,-0.006825537,0.066158988,-0.007683952,0.051256593,-0.024594488,0.005727321,0.008851156,-0.007573572,0.0049,0.0082,0.0242
2009-01,4,1,217.346,1.512335171,20.43589082,16298.262,-3.342325703,-3.234227293,1.98208,2.01103,3.89309,0.15,15.17,0.065899,0.040699,-0.031603468,-0.265477813,-0.01292783,-0.076623693,-0.106428192,-0.008247144,-0.126538294,-0.110564011,-0.072388982,0.0044,0.0081,0.0252
2009-02,5,1,217.792,1.349452689,20.88672139,16298.262,-3.342325703,-3.234227293,1.91689,1.98995,3.84146,0.22,14.12,0.070811,0.042111,-0.124552307,-0.184142604,-0.128417537,-0.072400773,-0.086933545,-0.129507191,-0.179567932,-0.028384499,-0.088458826,0.0062,0.0098,0.0287
2009-03,1,1,218.253,1.159205143,21.12933843,16298.262,-3.342325703,-3.234227293,1.68217,1.90428,3.24027,0.18,13.32,0.075054,0.046854,0.037064175,0.176569451,0.06330065,0.035499598,0.120098394,0.020985044,0.091656004,0.059152595,0.149303765,0.0064,0.0093,0.0282
2009-04,1,1,218.706,0.967508893,20.95768243,16269.145,-3.342325703,-3.978837405,1.20011,1.49814,2.41455,0.15,14.98,0.066747,0.037447,0.048133537,0.221746072,-0.008868005,0.030351511,0.185311975,0.004218115,0.177236274,0.022300469,0.150923641,0.0055,0.0093,0.0293
2009-05,1,0,218.904,0.940138143,20.34398747,16269.145,-3.342325703,-3.978837405,0.79385,1.02197,1.69328,0.18,16,0.062514,0.029614,0.099177036,0.107771664,0.056856664,0.047069784,-0.022015149,0.022987628,0.017607294,-0.02765021,0.044902203,0.005,0.0093,0.0329
2009-06,5,0,219.112,0.950198985,20.11658113,16269.145,-3.342325703,-3.978837405,0.65477,0.85741,1.3804,0.21,16.38,0.061034,0.023834,-0.044718148,-0.001924629,0.033627901,0.009151767,0.014932858,0.059350504,-0.014933828,0.025091016,-0.039303483,0.0051,0.0118,0.0372
2009-07,1,1,219.263,0.95775393,20.18816062,16326.281,-3.342325703,-3.132815701,0.38228,0.6329,1.00254,0.16,16.69,0.0599,0.0243,0.043013054,0.087832794,0.057627672,0.061592073,0.093713972,0.036856942,0.092425114,0.035995393,0.133091662,0.0048,0.0102,0.0356
2009-08,1,0,219.496,0.917100995,20.79209263,16326.281,-3.342325703,-3.132815701,0.21167,0.47268,0.72011,0.16,18.09,0.055267,0.019367,0.003564834,0.12860247,0.020579433,0.008068025,0.033329987,0.001699178,0.041393501,-0.02418234,0.019595521,0.0046,0.0112,0.0359
2009-09,4,0,219.92,0.81438705,21.17882343,16326.281,-3.342325703,-3.132815701,0.09998,0.36476,0.58841,0.15,18.83,0.053101,0.019101,0.045999336,0.019303846,0.009009009,0.032563066,0.051588458,0.010517031,0.065710872,0.028199772,0.047346893,0.004,0.0096,0.034
2009-10,5,0,220.501,0.602718355,21.29889812,16502.754,-3.342325703,0.105572523,0.01141,0.30252,0.61728,0.12,19.36,0.051658,0.017758,0.031540886,-0.060393677,-0.02307047,0.010448725,-0.02485218,-0.032095615,-0.0466109,-0.048480931,-0.053284828,0.0037,0.0095,0.0339
2009-11,1,0,220.666,0.672056411,21.40197448,16502.754,-3.342325703,0.105572523,-0.02337,0.21285,0.66497,0.12,19.81,0.050473,0.016473,0.028492255,0.042268423,0.090075446,0.038241709,0.067314069,0.041692681,0.086789381,0.063858696,0.113471971,0.0031,0.008,0.034
2009-12,3,0,220.881,0.661894866,21.53149463,16502.754,-3.342325703,0.105572523,-0.06536,0.04855,0.65783,0.12,20.32,0.049207,0.013307,-0.00990213,-0.016445031,0.019103621,-0.006555358,0.043318095,0.052144379,0.01119434,0.045794563,0.014058059,0.0037,0.0087,0.0359
2010-01,0,1,220.633,0.983533742,21.58736727,16582.71,1.715328797,1.745265845,-0.11767,0.01235,0.53175,0.11,20.53,0.048714,0.011414,-0.045075009,-0.014759005,0.004223952,-0.012468101,-0.029523121,-0.051015887,-0.012058109,-0.09324843,-0.086632301,0.0035,0.0093,0.0373
2010-02,1,1,220.731,1.124445592,21.36999951,16582.71,1.715328797,1.745265845,-0.19053,0.00174,0.31071,0.13,19.92,0.050199,0.013299,0.018754415,0.034098052,0.000109966,0.026986119,0.052996099,-0.018608684,0.045738565,-0.012890813,0.042191781,0.0035,0.0086,0.0369
2010-03,1,0,220.783,1.209785174,21.30834674,16582.71,1.715328797,1.745265845,-0.32152,-0.12926,0.07939,0.16,21,0.047609,0.010309,0.028785234,0.087727296,0.024437175,0.035730975,0.076887853,0.024194645,0.088471957,0.053990839,0.075814932,0.004,0.0096,0.0373
2010-04,1,0,220.822,1.315539213,21.48048368,16743.162,1.715328797,2.913595029,-0.23209,-0.08976,-0.00334,0.2,21.8,0.045861,0.007361,0.044293649,0.012991851,-0.03906837,-0.015583244,0.060226526,0.024353019,0.040914913,-0.01396209,0.004154042,0.0045,0.0106,0.0385
2010-05,5,1,220.962,1.454096179,22.3035217,16743.162,1.715328797,2.913595029,0.01941,0.11191,0.04343,0.2,20.48,0.048828,0.014628,-0.118076418,-0.092488738,-0.069920697,-0.047348752,-0.071425967,-0.061216558,-0.098266709,-0.039384846,-0.096510439,0.0037,0.0083,0.0342
2010-06,5,1,221.194,1.583677677,22.87587822,16743.162,1.715328797,2.913595029,0.01674,0.14144,0.04978,0.18,19.74,0.050653,0.018653,-0.057909212,-0.05966974,-0.018614147,-0.028015247,-0.098044605,-0.010212531,-0.070921709,-0.003904725,-0.07099763,0.0032,0.0072,0.032
2010-07,1,1,221.363,1.741483446,23.54771092,16872.266,1.715328797,3.344209254,-0.17021,0.03852,-0.00568,0.18,19.67,0.050842,0.020742,0.07976216,0.066149537,0.012604014,0.05836887,0.077358408,0.073410485,0.102983759,0.079282634,0.122347211,0.0029,0.0062,0.0301
2010-08,5,1,221.509,1.965157172,23.71968493,16872.266,1.715328797,3.344209254,-0.22227,0.0275,-0.03746,0.19,19.77,0.050581,0.023581,-0.047130029,-0.079072352,-0.017885196,-0.015865021,-0.040649749,0.008897837,-0.073355401,0.022518841,-0.028466625,0.0026,0.0052,0.027
2010-09,1,0,221.711,1.987722756,23.53605299,16872.266,1.715328797,3.344209254,-0.2695,-0.03537,-0.00807,0.19,20.38,0.049064,0.022564,0.091451033,0.059856257,0.088193675,0.053772481,0.109973886,0.025943093,0.111968795,0.07930024,0.075299123,0.0026,0.0048,0.0265
2010-10,1,0,221.83,2.10792048,23.70841773,16960.864,1.715328797,2.775960909,-0.3036,-0.19487,0.094,0.19,21.24,0.047081,0.021681,0.055620483,0.013717776,0.0204947,0.028133347,0.053011042,0.009286566,0.025810501,-0.001151884,0.065723753,0.0023,0.0038,0.0254
2010-11,2,0,222.149,2.138204538,24.34505046,16960.864,1.715328797,2.775960909,-0.2826,-0.26952,0.10974,0.19,21.7,0.046081,0.018481,0.051108249,-0.008629934,-0.031523546,-0.013496187,0.024072072,-0.03587193,0.007703106,-0.014332784,0.009327146,0.0025,0.0045,0.0276
2010-12,1,0,222.343,2.276662634,24.90623581,16960.864,1.715328797,2.775960909,-0.32825,-0.35077,-0.00168,0.18,22.4,0.04465,0.01175,0.089293007,0.106263521,0.043361364,0.038306314,0.039974664,0.027469693,0.075620647,0.075881665,0.101604524,0.0029,0.0062,0.0329
2011-01,2,0,222.803,2.277348151,25.42424309,16920.632,1.997100345,2.0377972,-0.3859,-0.40147,-0.08912,0.17,22.98,0.043519,0.009619,0.068811051,0.024491316,0.003344482,-0.01877594,-0.008831292,0.012049705,0.040581828,-0.042721765,-0.005049873,0.0027,0.0061,0.0339
2011-02,1,0,223.213,2.159820441,25.85693159,16920.632,1.997100345,2.0377972,-0.36366,-0.38811,-0.1019,0.16,23.49,0.042572,0.006772,0.072098519,0.030677635,0.028907104,0.026587888,0.059536408,0.006201166,0.022148465,0.027913015,0.028649329,0.0029,0.0077,0.0358
2011-03,3,1,223.454,2.248337465,26.40921968,16920.632,1.997100345,2.0377972,-0.36431,-0.35837,-0.03654,0.14,22.9,0.043669,0.009569,0.014879363,-0.026766029,0.01704817,0.009973839,-0.006347263,-0.002095402,0.017234919,0.051862962,0.016841333,0.0026,0.007,0.0341
2011-04,1,0,223.727,2.314427852,26.50846033,17035.114,1.997100345,1.743708865,-0.43535,-0.37059,0.08564,0.1,23.14,0.043208,0.008608,0.014779997,-0.000996783,0.064203655,0.050509956,0.038845655,0.038228755,0.026887661,0.006679174,0.020532563,0.0025,0.0073,0.0346
2011-05,5,0,224.175,2.25225828,26.89718442,17035.114,1.997100345,1.743708865,-0.41247,-0.34082,0.15263,0.09,23.06,0.043366,0.011666,-0.046068693,-0.033561613,0.021541255,0.023670828,-0.004588301,0.016239367,-0.029979675,0.016400775,-0.029196793,0.0019,0.0056,0.0317
2011-06,5,1,224.697,2.192285611,27.403326,17035.114,1.997100345,1.743708865,-0.36809,-0.31071,0.25619,0.09,22.1,0.045247,0.015247,-0.019299876,-0.029189544,-0.013065302,-0.028512932,-0.003198395,-0.004741278,-0.008227283,-0.014669209,-0.004533495,0.0018,0.0041,0.03
2011-07,4,0,225.218,2.109955687,28.03987405,17031.313,1.997100345,0.942653465,-0.25307,-0.19539,0.60168,0.07,22.61,0.044226,0.014226,0.006363279,-0.037173104,-0.039471443,-0.016487944,-0.014722074,-0.011056872,-0.070247934,-0.066696442,-0.033912089,0.0019,0.0041,0.03
2011-08,5,1,225.862,1.935252499,28.31238857,17031.313,1.997100345,0.942653465,-0.068,0.02636,0.94345,0.1,20.05,0.049876,0.026876,-0.100351675,-0.097148308,-0.023814953,0.003655385,-0.054500176,0.016830211,-0.068203843,-0.013558781,-0.068773938,0.0011,0.0023,0.023
2011-09,5,1,226.118,2.008243483,28.81819722,17031.313,1.997100345,0.942653465,0.01214,0.12874,1.08946,0.08,19.7,0.050766,0.030966,-0.125819316,-0.115553578,-0.0456256,-0.037017268,-0.069595462,-0.001228214,-0.09403242,-0.013502587,-0.165875706,0.001,0.0021,0.0198
2011-10,1,1,226.506,1.994649148,29.31687036,17222.583,1.997100345,1.543075872,-0.01408,0.08064,0.93664,0.07,20.16,0.049613,0.028113,0.169516023,0.141653568,0.056019362,0.042972189,0.118063369,0.035193535,0.139141794,0.017621506,0.175995665,0.0011,0.0028,0.0215
2011-11,5,1,226.899,1.952851269,29.58870074,17222.583,1.997100345,1.543075872,0.0031,0.10557,0.69642,0.08,20.35,0.049152,0.029052,0.005117312,-0.064048904,-0.000824041,0.019100316,-0.017139518,-0.004242561,-0.00045175,0.001208119,-0.011611298,0.0011,0.0025,0.0201
2011-12,5,1,227.405,1.899694378,29.82146717,17222.583,1.997100345,1.543075872,-0.07376,0.05937,0.42118,0.07,20.52,0.048724,0.028924,0.000595581,0.031067961,0.037627896,0.029263804,0.019155823,0.039481906,0.016791823,0.044324672,-0.013053005,0.0012,0.0026,0.0198
2012-01,2,0,227.877,1.909802218,30.08220952,17367.01,2.570263966,2.638069311,-0.2278,-0.07077,0.24144,0.08,21.21,0.047141,0.027441,0.014823064,0.080922217,0.028538784,-0.016987542,0.058558559,-0.036616024,0.06988751,-0.039362194,0.110575788,0.0012,0.0024,0.0197
2012-02,1,0,228.034,1.988738521,30.33901881,17367.01,2.570263966,2.638069311,-0.32233,-0.1411,0.13432,0.1,21.8,0.045877,0.026177,0.054547519,0.047199198,0.009224825,0.034440941,0.045094137,-5.67E-05,0.021955195,0.037206319,-0.005444029,0.0016,0.0028,0.0197
2012-03,0,0,228.478,1.889022138,30.75560371,17367.01,2.570263966,2.638069311,-0.34459,-0.16153,0.13319,0.13,22.05,0.045343,0.023643,-0.033712502,0.072800605,0.04299866,0.03130129,0.046985764,0.008793328,0.013509288,0.010591419,0.002523093,0.0019,0.0034,0.0217
2012-04,0,0,228.905,1.715558856,31.06995885,17444.525,2.570263966,2.403335839,-0.31251,-0.08898,0.21598,0.14,21.78,0.045915,0.025415,-0.010063687,-0.024719207,-0.003739476,-8.53E-05,0.009904314,0.019176696,-0.013236655,0.04130967,-0.011431984,0.0018,0.0029,0.0205
2012-05,5,1,229.224,1.645551949,31.63568582,17444.525,2.570263966,2.403335839,-0.24609,0.03788,0.28103,0.16,20.94,0.047752,0.029752,-0.106236519,-0.093191346,-0.03889375,-0.012846383,-0.058676862,-0.001269106,-0.063568994,0.026006465,-0.0799137,0.0019,0.0029,0.018
2012-06,1,1,229.623,1.623095247,32.02930522,17444.525,2.570263966,2.403335839,-0.27192,0.06103,0.25596,0.16,20.55,0.048668,0.032468,0.050366204,0.042616505,0.051872439,0.029568422,0.01492142,0.034088398,0.031788433,0.053558642,0.041457581,0.0019,0.0029,0.0162
2012-07,5,0,229.97,1.700221768,32.11527748,17469.65,2.570263966,2.573712314,-0.37046,-0.00294,0.21246,0.16,21,0.047621,0.032321,0.052985954,0.007899699,0.017903512,0.031375839,0.003624764,0.031522146,0.011132686,0.056001087,-0.006124195,0.0019,0.0025,0.0153
2012-08,1,0,230.233,1.782107691,32.10150505,17469.65,2.570263966,2.573712314,-0.46627,-0.08923,0.17477,0.13,21.41,0.046706,0.029906,0.012352238,0.028468851,0.003020945,-0.007862914,0.037619185,-0.050758792,0.006593266,-0.026258206,0.018984187,0.0018,0.0027,0.0168
2012-09,1,0,230.659,1.751936842,32.13761437,17469.65,2.570263966,2.573712314,-0.52186,-0.14526,0.11888,0.14,21.78,0.045906,0.028706,0.032856018,0.033679139,0.038730116,0.011067993,0.030491201,0.006984231,0.015294118,0.039524124,0.034059582,0.0018,0.0026,0.0172
2012-10,4,0,231.024,1.686837731,32.34597358,17489.852,2.570263966,1.551852007,-0.56238,-0.13739,0.01862,0.16,21.58,0.046345,0.028845,-0.020197071,0.017313546,-0.004897012,-0.013541639,-0.015780798,0.015659713,-0.006514046,-0.052772126,-0.021155831,0.0018,0.0028,0.0175
2012-11,2,1,231.33,1.741667747,32.56924668,17489.852,2.570263966,1.551852007,-0.58182,-0.12166,-0.1559,0.16,20.9,0.047851,0.031351,-0.019835537,-0.012951188,0.002331053,0.012987725,0.027592455,-0.05655143,0.013302651,-0.011813666,0.013134774,0.0018,0.0027,0.0165
2012-12,1,0,231.725,1.740856619,32.72192693,17489.852,2.570263966,1.551852007,-0.5884,-0.1807,-0.30016,0.16,21.24,0.047085,0.029885,-0.002796516,0.04026337,-0.010637611,-0.031755477,-0.00301913,-0.004467315,0.014185721,-0.017049314,0.024584833,0.0016,0.0026,0.0172
2013-01,1,0,232.229,1.607034436,32.86025136,17662.4,1.672422774,1.700868486,-0.61288,-0.2298,-0.3809,0.14,21.9,0.045661,0.026561,0.086518238,0.06561632,0.080726956,0.064699966,0.064638885,0.056745243,0.065059354,0.031234884,0.043377063,0.0015,0.0027,0.0191
2013-02,5,0,232.569,1.55480739,33.23769606,17662.4,1.672422774,1.700868486,-0.62034,-0.2426,-0.38878,0.15,22.05,0.045346,0.025546,0.004900507,0.017562601,0.018407379,0.035421914,0.015530999,0.018813158,0.025430563,0.033907391,-0.013019671,0.0016,0.0027,0.0198
2013-03,1,0,232.794,1.645660971,33.60501302,17662.4,1.672422774,1.700868486,-0.61085,-0.28225,-0.37813,0.14,22.42,0.044605,0.025005,0.01978411,0.02821988,0.050881981,0.037808525,0.039584573,0.043104358,0.013762112,0.024110441,0.015616011,0.0015,0.0026,0.0196
2013-04,1,0,232.832,1.821055525,33.86666667,17709.671,1.672422774,1.519938204,-0.61585,-0.34951,-0.39308,0.15,22.6,0.044256,0.026656,-0.014941629,0.029201552,0.031764551,0.031376667,0.03144894,0.064184917,-0.00581798,0.059932916,0.007000081,0.0012,0.0023,0.0176
2013-05,2,0,232.996,1.945526962,33.96605251,17709.671,1.672422774,1.519938204,-0.5733,-0.35994,-0.50518,0.11,23.41,0.042713,0.023413,0.020765669,0.070595238,0.013970709,-0.023887876,0.026259824,-0.095769962,0.046175282,-0.074456652,0.026399325,0.0012,0.0025,0.0193
2013-06,5,0,233.35,1.922862653,33.90070265,17709.671,1.672422774,1.519938204,-0.51547,-0.31207,-0.66213,0.09,22.93,0.04362,0.02062,-0.017262973,-0.025834909,-0.000107923,-0.000509338,0.011149653,0.009513798,-0.009535986,0.02328882,-0.050814281,0.0014,0.0033,0.023
2013-07,1,0,233.88,1.844963229,33.84923288,17860.45,1.672422774,2.237022493,-0.536,-0.31535,-0.77711,0.09,23.49,0.042567,0.016767,0.046154376,0.049729853,0.06181079,0.0329297,0.047581921,0.038425492,0.050666954,-0.011915269,0.05138992,0.0012,0.0034,0.0258
2013-08,0,0,234.336,1.736395603,33.89575768,17860.45,1.672422774,2.237022493,-0.54947,-0.3233,-0.73715,0.08,23.36,0.042814,0.015414,-0.02077503,-0.052158469,-0.037662008,-0.045435324,-0.029961511,-0.055154432,-0.027592915,-0.041408792,-0.001922172,0.0013,0.0036,0.0274
2013-09,1,0,234.7,1.740945888,34.15784065,17860.45,1.672422774,2.237022493,-0.57132,-0.3386,-0.58165,0.08,23.44,0.042658,0.014558,0.016844866,0.026271511,0.031689025,0.009647568,0.052873866,0.007429421,0.05475125,-0.006256656,0.041583147,0.0012,0.004,0.0281
2013-10,1,0,234.921,1.81763231,34.36089218,18016.147,1.672422774,3.00914496,-0.62661,-0.37901,-0.43269,0.09,23.83,0.041956,0.015756,0.040720167,0.031486381,0.042046347,0.061281201,0.045992088,0.036557101,0.050461692,0.073476222,0.041092789,0.0012,0.0034,0.0262
2013-11,2,0,235.359,1.741594755,34.49001008,18016.147,1.672422774,3.00914496,-0.66956,-0.42538,-0.34624,0.08,24.64,0.040581,0.013381,0.005035823,0.043710715,0.044869485,0.014240434,0.033340632,-0.023427178,0.03323672,-0.026330567,0.010801015,0.0012,0.003,0.0272
2013-12,1,0,235.759,1.622419505,34.72884598,18016.147,1.672422774,3.00914496,-0.67211,-0.4384,-0.30522,0.09,24.86,0.040222,0.011222,0.030047735,0.02004015,0.006645143,0.002355179,0.021111839,0.005411875,0.040353177,-0.003396347,0.045754446,0.0013,0.0034,0.029
2014-01,5,0,235.961,1.631625565,34.94056364,17953.974,1.624008144,1.650817556,-0.68331,-0.40951,-0.22948,0.07,24.86,0.040226,0.011626,-0.063268219,-0.037256964,0.008718667,-0.053025168,-0.059649123,0.028776978,-0.045285771,-0.041602366,-0.046632835,0.0012,0.0039,0.0286
2014-02,1,0,236.185,1.688083494,35.41455563,17953.974,1.624008144,1.650817556,-0.70863,-0.40099,-0.21238,0.07,24.59,0.040665,0.013565,0.045737501,0.029394142,0.059499923,0.034880115,0.060885091,0.027972028,0.035164479,-0.010399195,0.066896849,0.0012,0.0033,0.0271
2014-03,5,0,236.625,1.745377707,35.51746249,17953.974,1.624008144,1.650817556,-0.71824,-0.38255,-0.28137,0.08,24.96,0.04007,0.01287,0.022777116,0.030780292,-0.013751912,0.018788759,-0.029253257,0.030881417,0.007894266,0.046711864,0.005764563,0.0013,0.004,0.0272
2014-04,0,0,237.072,1.802827833,35.26572657,18185.911,1.624008144,2.689152159,-0.72174,-0.36189,-0.37262,0.09,24.79,0.040345,0.013245,0.051141063,-0.016375473,-0.005996957,0.026995836,-0.014122643,0.042014812,0.014954847,0.004210117,0.00693816,0.0011,0.0042,0.0271
2014-05,1,0,237.529,1.750944095,35.25395076,18185.911,1.624008144,2.689152159,-0.73885,-0.37372,-0.3907,0.09,24.94,0.040091,0.014491,0.010447478,0.012325668,0.025692845,0.017472733,0.027326075,-0.016492779,0.016855038,0.033862229,0.028327009,0.001,0.0039,0.0256
2014-06,1,0,237.837,1.777267624,35.23799278,18185.911,1.624008144,2.689152159,-0.72843,-0.38041,-0.29632,0.1,25.56,0.039127,0.013127,0.049274652,0.022783374,0.020688456,-0.005305557,0.018252106,0.041969704,0.001010448,-0.012726932,0.014598776,0.001,0.0045,0.026
2014-07,2,0,238.195,1.834631289,35.33610946,18406.941,1.624008144,3.059782928,-0.69053,-0.36089,-0.20635,0.09,25.82,0.038733,0.013333,-0.034028284,-0.015524608,-0.000212911,-0.034441469,-0.013693973,-0.069132619,-0.041257705,0.025655608,-0.01994002,0.0011,0.0051,0.0254
2014-08,1,0,238.405,1.850632327,35.49193,18406.941,1.624008144,3.059782928,-0.67655,-0.32101,-0.22979,0.09,25.62,0.039036,0.014836,0.018282186,0.040218652,0.04717691,0.045726139,0.043337546,0.04451237,0.039426523,-0.010720227,0.035482926,0.0011,0.0047,0.0242
2014-09,5,0,238.786,1.897096145,35.81956782,18406.941,1.624008144,3.059782928,-0.64025,-0.26848,-0.25904,0.09,25.92,0.038583,0.013283,-0.07638462,-0.005414185,0.003199566,0.00275987,-0.029202841,-0.021536351,-0.012693966,0.003487576,-0.017353579,0.0011,0.0057,0.0253
2014-10,1,1,239.191,1.913533536,35.84885499,18500.031,1.624008144,2.685835101,-0.61486,-0.25103,-0.19985,0.09,25.16,0.039741,0.016741,-0.029846456,0.028531173,0.052556895,0.034037887,0.020892418,0.079162578,0.036497784,-0.001861851,-0.026170138,0.001,0.0045,0.023
2014-11,5,0,239.458,1.997427524,35.84885499,18500.031,1.624008144,2.685835101,-0.624,-0.23771,-0.16505,0.09,26.61,0.037584,0.014284,-0.088473773,0.02117061,0.031841818,0.05323352,0.052801185,0.007274932,0.027946844,0.011067587,0.011958343,0.0013,0.0053,0.0233
2014-12,0,0,239.584,2.071507279,35.84885499,18500.031,1.624008144,2.685835101,-0.5573,-0.17156,-0.18952,0.12,26.79,0.037322,0.015222,0.003438366,0.016219512,-0.01453369,-0.013662389,0.007546705,0.032371781,-0.00333948,-0.061865814,-0.008927702,0.0021,0.0064,0.0221
2015-01,5,0,239.811,2.145022539,35.84885499,18666.621,3.817761126,3.969299499,-0.48774,-0.1109,-0.27325,0.11,26.49,0.037747,0.018947,-0.048824562,-0.069932797,0.011730242,-0.01269066,-0.031357486,0.023444657,-0.036877916,-0.022418879,-0.019850629,0.002,0.0055,0.0188
2015-02,1,0,240.172,2.222573822,35.84885499,18666.621,3.817761126,3.969299499,-0.50506,-0.11576,-0.31212,0.11,27,0.037043,0.017243,0.035056905,0.056482049,0.041309937,0.04172411,0.084554516,-0.069577247,0.051992402,0.065848588,0.078169908,0.0022,0.0062,0.0198
2015-03,5,0,240.755,2.142426949,35.84885499,18666.621,3.817761126,3.969299499,-0.53733,-0.1184,-0.27969,0.11,26.73,0.037413,0.017013,-0.020345968,-0.007846849,0.007634594,-0.024308123,-0.006381918,-0.013075611,-0.026841689,-0.037873545,-0.049905459,0.0025,0.0064,0.0204
2015-04,0,0,241.346,2.156654761,35.84885499,18782.243,3.817761126,3.279087861,-0.55977,-0.11409,-0.2265,0.12,26.79,0.037325,0.017925,0.065628535,0.000769349,-0.014130577,-0.00965432,-0.000936674,-0.004874158,-0.000833924,0.046818806,0.030733092,0.0023,0.0054,0.0194
2015-05,5,0,241.688,2.254559597,35.84885499,18782.243,3.817761126,3.279087861,-0.5637,-0.11084,-0.2264,0.12,26.81,0.037305,0.015305,-0.052215164,0.016389914,0.043313024,0.007250901,0.011903566,0.000445276,0.000459041,-0.018614529,0.002500554,0.0024,0.0061,0.022
2015-06,0,0,242.064,2.262211647,35.84885499,18782.243,3.817761126,3.279087861,-0.56102,-0.09555,-0.24307,0.13,26.5,0.037742,0.014142,-0.035526155,-0.004810456,-0.004116797,-0.021636106,0.004632617,-0.062844935,-0.027342121,-0.023168481,-0.041677191,0.0028,0.0069,0.0236
2015-07,5,0,242.565,2.170139962,35.84885499,18857.418,3.817761126,2.447321366,-0.54624,-0.03186,-0.13857,0.13,26.38,0.037906,0.014706,-0.078133222,0.030096674,0.027311046,0.052997323,0.047100674,0.06012538,0.001436628,-0.011468039,-0.050342646,0.003,0.0067,0.0232
2015-08,4,1,242.817,2.308734561,35.84885499,18857.418,3.817761126,2.447321366,-0.48555,0.02859,0.02996,0.14,25.69,0.03892,0.01722,-0.046924515,-0.069442805,-0.080478349,-0.059996118,-0.065648543,-0.040050175,-0.056440562,-0.033616769,-0.057764363,0.0038,0.007,0.0217
2015-09,5,1,243.316,2.271120683,35.84885499,18857.418,3.817761126,2.447321366,-0.48859,0.04998,0.11253,0.14,24.5,0.040822,0.019122,-0.067904422,-0.031651391,-0.058327494,0.001280225,-0.007911526,0.025854023,-0.020196061,-0.036968829,-0.076181008,0.0037,0.0071,0.0217
2015-10,1,1,243.768,2.204555151,35.84885499,18892.206,3.817761126,2.119861313,-0.57196,0.04543,0.01933,0.12,25.49,0.039229,0.018529,0.112511909,0.061048701,0.076926089,0.056340352,0.08987563,0.010508598,0.091203854,0.057936114,0.134475887,0.0026,0.0064,0.0207
2015-11,0,0,244.241,2.14542194,35.84885499,18892.206,3.817761126,2.119861313,-0.56283,0.0892,-0.08839,0.12,26.23,0.03813,0.01553,-0.007667643,0.017007748,-0.006000073,-0.012728657,-0.003611794,-0.027551434,0.006027676,-0.013322622,0.00586706,0.0048,0.0088,0.0226
2015-12,5,0,244.547,2.197123661,35.84885499,18892.206,3.817761126,2.119861313,-0.49786,0.17174,-0.08644,0.24,25.97,0.038513,0.016113,-0.099987958,-0.023521913,0.016084581,0.025132981,-0.029686572,0.018471367,-0.022088608,0.017166508,-0.044252733,0.0065,0.0098,0.0224
2016-01,5,1,244.955,2.250209222,35.84885499,19001.69,1.763364206,1.795016891,-0.46797,0.24727,0.05156,0.34,24.21,0.041312,0.020412,-0.030706449,-0.0896093,-0.076509487,0.004475136,-0.051914592,0.048954545,-0.058054495,0.054766193,-0.10616138,0.0054,0.009,0.0209
2016-02,3,1,245.51,2.235346829,35.84885499,19001.69,1.763364206,1.795016891,-0.48869,0.22815,0.13244,0.38,24,0.041662,0.023862,-0.025605632,-0.03171731,-0.007082705,0.00061451,0.002394782,0.013736621,0.035041913,0.026941563,0.073061041,0.0053,0.0073,0.0178
2016-03,1,0,245.913,2.045845482,35.84885499,19001.69,1.763364206,1.795016891,-0.52106,0.16553,0.1264,0.36,25.37,0.039413,0.020513,0.091774095,0.070871972,0.02594139,0.043181208,0.064809638,0.07690006,0.070189414,0.062630866,0.07372552,0.0066,0.0088,0.0189
2016-04,1,0,246.551,1.896565011,35.84885499,19062.709,1.763364206,1.493250833,-0.52781,0.14967,0.03472,0.37,25.92,0.038577,0.020477,0.086524945,0.032695664,0.028691714,-0.014589006,0.000509197,-0.02449093,0.008291291,-0.031411185,0.049004649,0.0056,0.0077,0.0181
2016-05,0,0,247.137,1.737093191,35.84885499,19062.709,1.763364206,1.493250833,-0.52206,0.17072,0.01649,0.37,25.69,0.038919,0.020819,-0.011703356,0.018173702,0.01986755,0.006422344,3.18E-05,0.009765625,-0.008079565,-0.000359002,-0.005513835,0.0059,0.0082,0.0181
2016-06,5,0,247.54,1.699119334,35.84885499,19062.709,1.763364206,1.493250833,-0.50627,0.18436,0.08083,0.38,25.84,0.038699,0.022299,0.031920893,-0.034289472,0.008621528,0.048082809,-0.013311492,0.074709865,0.007855947,0.093194469,-0.011462975,0.0055,0.0073,0.0164
2016-07,1,0,247.829,1.676962744,35.84885499,19197.938,1.763364206,1.805761531,-0.48751,0.15014,0.11932,0.39,26.69,0.037462,0.022462,-0.019828646,0.034080223,0.048622581,-0.008778916,0.044164343,-0.007311586,0.033476236,0.000164258,0.050478288,0.0051,0.0067,0.015
2016-08,2,0,248.423,1.655241262,35.84885499,19197.938,1.763364206,1.805761531,-0.46288,0.14031,0.05842,0.4,26.95,0.037107,0.021507,0.006411405,0.035685168,-0.035066339,-0.006731782,-0.014170822,-0.061416431,0.004803207,-0.057261729,-0.002980772,0.0057,0.0074,0.0156
2016-09,4,0,248.842,1.595389846,35.84885499,19197.938,1.763364206,1.805761531,-0.4577,0.16443,-0.11625,0.4,26.73,0.037414,0.021114,0.029478682,-0.028642364,-0.006541321,-0.017473843,-0.004180825,0.001207292,-0.002725926,-0.009465188,-0.014817005,0.0059,0.0077,0.0163
2016-10,5,0,249.142,1.759639081,35.84885499,19304.352,1.763364206,2.181566303,-0.48381,0.13805,-0.36999,0.4,26.53,0.0377,0.0201,-0.029710772,0.021600898,-0.065987839,-0.009642478,-0.024278256,0.008199686,-0.020658783,-0.074979482,-0.022109581,0.0066,0.0084,0.0176
2016-11,1,0,249.481,1.737607273,35.84885499,19304.352,1.763364206,2.181566303,-0.4976,0.08528,-0.66874,0.41,26.85,0.037243,0.015843,0.078789439,0.136659039,0.017155258,-0.045190016,0.045171791,-0.059602121,0.084782785,0.035490209,0.0658846,0.0074,0.0098,0.0214
2016-12,1,0,249.92,1.770166453,35.84885499,19304.352,1.763364206,2.181566303,-0.5061,0.02886,-0.84371,0.54,27.87,0.035887,0.010987,0.018047625,0.037553014,0.006034363,0.028985507,-0.001125588,0.046421909,0.003188157,0.080910704,-0.001279754,0.0087,0.012,0.0249
2017-01,4,0,250.467,1.891267113,35.84885499,19398.343,2.044777742,2.087461694,-0.51425,-0.00571,-0.78472,0.65,28.06,0.035633,0.011333,-0.036357078,0.001241818,0.021520623,0.014517009,0.041817171,0.0121136,0.013678518,-0.034992356,0.045905946,0.0083,0.0121,0.0243
2017-02,1,0,250.998,1.877704205,35.84885499,19398.343,2.044777742,2.087461694,-0.51793,-0.01247,-0.65172,0.66,28.66,0.034898,0.010698,-0.027323427,0.050050386,0.06209616,0.048710867,0.018224652,0.047153951,0.034028198,-0.003872558,0.005023125,0.0082,0.012,0.0242
2017-03,4,0,250.944,2.122784366,35.84885499,19398.343,2.044777742,2.087461694,-0.53311,0.00114,-0.48255,0.79,29.09,0.03438,0.00958,-0.011024743,-0.029036862,-0.005621031,-0.007069761,0.018960725,-0.00516055,-0.007730634,-0.012310773,0.001828544,0.0101,0.0131,0.0248
2017-04,4,0,251.227,2.150644636,35.84885499,19506.949,2.044777742,2.330413794,-0.57486,-0.00896,-0.39545,0.9,28.9,0.034597,0.011597,-0.029299041,-0.00968118,0.014550741,0.008455117,0.023549069,0.007339097,0.017064846,-0.043833492,0.013506525,0.0104,0.0124,0.023
2017-05,5,0,251.43,2.272998449,35.84885499,19506.949,2.044777742,2.330413794,-0.62594,-0.02516,-0.38055,0.91,29.31,0.034114,0.011114,-0.039603167,-0.014075136,0.006064705,0.026494158,0.009808436,0.036351846,0.011894304,-0.009792303,-0.002761353,0.0112,0.013,0.023
2017-06,3,0,251.746,2.245517307,35.84885499,19506.949,2.044777742,2.330413794,-0.636,-0.05841,-0.40086,1.04,29.75,0.033615,0.011715,-0.002671174,0.063152157,0.044874936,-0.025311667,-0.013402233,-0.02915087,0.012101745,-0.029793399,0.015560572,0.012,0.0134,0.0219
2017-07,4,0,251.985,2.267595293,35.84885499,19660.766,2.044777742,2.410821412,-0.63594,-0.071,-0.38366,1.15,30,0.033331,0.010131,0.024397899,0.016064845,0.006739882,0.003898876,0.017631572,0.023770709,0.000120085,0.050704408,0.013632861,0.0122,0.0137,0.0232
2017-08,5,0,252.535,2.120894133,35.84885499,19660.766,2.044777742,2.410821412,-0.62848,-0.05781,-0.35929,1.16,29.91,0.033428,0.011328,-0.057111343,-0.018550112,0.016433578,-0.012705609,-0.01998211,0.026810843,-0.001680989,-0.030832921,0.007748085,0.0123,0.0134,0.0221
2017-09,0,0,252.812,2.19768049,35.84885499,19660.766,2.044777742,2.410821412,-0.62402,-0.0769,-0.40177,1.15,30.17,0.033148,0.011148,0.097723186,0.050508018,0.008558213,-0.011427351,0.007498631,-0.029969706,0.038435766,0.035192859,0.033307221,0.0128,0.0138,0.022
2017-10,5,0,253.526,2.126409126,35.84885499,19882.352,2.044777742,2.994143497,-0.63747,-0.10043,-0.48441,1.15,30.92,0.032341,0.008741,-0.007203189,0.028153258,-0.00841162,-0.015916743,0.020209904,0.038591664,0.001505675,-0.086900289,0.038017689,0.014,0.0155,0.0236
2017-11,1,0,253.816,2.215384373,35.84885499,19882.352,2.044777742,2.994143497,-0.659,-0.09163,-0.54839,1.16,31.3,0.03195,0.00845,0.012344207,0.032754556,0.026951564,0.054011527,0.048977417,0.022086988,0.035354954,0.059017941,0.007438665,0.0156,0.017,0.0235
2017-12,0,0,254.344,2.248529551,35.84885499,19882.352,2.044777742,2.994143497,-0.67857,-0.09355,-0.56532,1.3,32.09,0.031166,0.007166,0.047380616,0.018283181,-0.007596198,0.01965039,0.022804824,-0.063568226,0.01774402,0.057703331,0.017452476,0.017,0.0184,0.024
2018-01,1,0,255.204,2.179432924,35.84885499,20044.077,3.221570143,3.328810095,-0.6493,-0.10336,-0.58485,1.41,33.31,0.030023,0.004223,0.037569599,0.063607363,0.065626569,0.014062207,0.092381547,-0.031043124,0.052539157,-0.006443066,0.04106191,0.018,0.0203,0.0258
2018-02,5,1,255.711,2.141088964,35.84885499,20044.077,3.221570143,3.328810095,-0.57067,-0.06814,-0.66741,1.42,32.04,0.031215,0.002615,-0.113433915,-0.029526801,-0.046316285,-0.078351381,-0.035587728,-0.043887752,-0.04254305,-0.070545455,-0.054702155,0.0196,0.0218,0.0286
2018-03,5,1,256.271,2.06656235,35.84885499,20044.077,3.221570143,3.328810095,-0.52305,-0.02505,-0.74765,1.51,31.81,0.031438,0.003038,0.015529786,-0.044583194,-0.032051282,-0.01320631,-0.024632864,0.034073476,-0.027708632,-0.011150235,-0.044459938,0.0206,0.0228,0.0284
2018-04,4,1,256.63,2.091337724,35.84885499,20150.476,3.221570143,3.298962847,-0.57552,-0.0418,-0.64868,1.69,30.97,0.032289,0.003589,0.092857573,-0.004764715,0.011204065,-0.045188563,0.022726991,0.020496603,-0.028450276,-0.022485987,0.001038334,0.0215,0.0238,0.0287
2018-05,1,1,257.145,1.972428008,35.84885499,20150.476,3.221570143,3.298962847,-0.62235,-0.06123,-0.38778,1.7,31.24,0.032007,0.002207,0.025323197,-0.011222137,0.000189221,-0.017863702,0.018720238,-0.016871342,0.026878798,-0.022733405,0.018250119,0.0227,0.0251,0.0298
2018-06,3,0,257.399,2.074600134,35.84885499,20150.476,3.221570143,3.298962847,-0.61027,-0.06158,-0.07393,1.82,31.63,0.031615,0.002515,0.005713262,-0.020189232,0.015061222,0.041475562,0.03505162,0.024593354,-0.034306885,0.022433906,0.001183856,0.0233,0.0253,0.0291
2018-07,1,0,257.699,2.16570495,35.84885499,20276.154,3.221570143,3.130030641,-0.642,-0.06839,0.04444,1.91,31.89,0.031361,0.002461,0.013569826,0.051456421,0.064828429,0.038784305,0.017144893,0.018268135,0.072546089,0.009991898,0.029506394,0.0239,0.0261,0.0289
2018-08,2,0,257.891,2.321135674,35.84885499,20276.154,3.221570143,3.130030641,-0.69718,-0.08354,0.15377,1.91,32.39,0.030873,0.001973,-0.037915525,0.011792605,0.041803207,0.00342067,0.049799469,0.005930402,-9.29E-05,0.02934492,-0.00742561,0.0245,0.0264,0.0289
2018-09,1,0,258.368,2.330009908,35.84885499,20276.154,3.221570143,3.130030641,-0.69402,-0.08991,0.25164,1.95,32.62,0.030653,0.000653,0.024343475,-0.02373647,0.027982602,0.006219627,0.009685438,-0.008972933,0.020674596,0.042600169,-0.022820237,0.0256,0.0277,0.03
2018-10,5,1,258.917,2.337814821,35.84885499,20304.874,3.221570143,2.125110751,-0.64139,-0.06891,0.31334,2.19,31.04,0.032219,0.000719,-0.113280205,-0.048736305,-0.067788916,0.021210647,-0.113255811,0.019081113,-0.108592411,-0.060230458,-0.09481714,0.0265,0.0286,0.0315
2018-11,5,1,259.439,2.354696094,35.84885499,20304.874,3.221570143,2.125110751,-0.55726,0.01565,0.32911,2.2,30.2,0.033117,0.001917,-0.022015803,0.025765745,0.068315964,0.017187831,0.025986514,0.030582275,0.03467234,-0.006760339,0.037786364,0.027,0.0286,0.0312
2018-12,5,1,260.063,2.290598816,35.84885499,20304.874,3.221570143,2.125110751,-0.53835,0.05351,0.25279,2.27,28.29,0.035346,0.007046,-0.128181407,-0.114476156,-0.087214179,-0.094618507,-0.084455066,-0.043104984,-0.108098771,-0.073935673,-0.071795022,0.0266,0.0268,0.0283
2019-01,1,1,260.766,2.281739184,35.84885499,20431.641,1.896881411,1.933558727,-0.60831,0.00629,0.08956,2.4,28.38,0.035236,0.008136,0.110217653,0.085880273,0.046634971,0.049934851,0.102303263,0.033729198,0.113582706,0.10066292,0.054829133,0.0258,0.0254,0.0271
2019-02,1,0,261.186,2.36766136,35.84885499,20431.641,1.896881411,1.933558727,-0.68811,-0.04074,-0.05161,2.4,29.54,0.033851,0.007051,0.019392111,0.021772505,0.010402054,0.021206701,0.006477451,0.035509778,0.060605559,0.008183306,0.030151506,0.0255,0.025,0.0268
2019-03,5,0,261.567,2.097741688,35.84885499,20431.641,1.896881411,1.933558727,-0.72591,-0.05244,-0.13391,2.41,29.58,0.033811,0.008111,0.019814977,-0.027478031,0.003494621,0.036725284,0.039410401,0.026501582,-0.012446707,0.023896104,0.009359105,0.0249,0.0241,0.0257
2019-04,0,0,261.997,1.430932415,35.84885499,20602.275,1.896881411,2.242125695,-0.73068,-0.05441,-0.14113,2.42,30.13,0.033186,0.007886,-0.000143018,0.088391582,-0.027407833,0.023323163,0.056524634,0.00880908,0.040499083,0.062214612,0.036196619,0.0242,0.0234,0.0253
2019-05,5,1,262.217,1.218456469,35.84885499,20602.275,1.896881411,2.242125695,-0.70009,-0.03582,-0.0953,2.39,29.24,0.034197,0.010197,-0.117046058,-0.073771373,-0.025499589,-0.039940031,-0.077299557,-0.012762385,-0.080809155,-0.059525942,-0.084815474,0.0234,0.0221,0.024
2019-06,1,1,262.739,1.183684188,35.84885499,20602.275,1.896881411,2.242125695,-0.6947,-0.02937,-0.04693,2.38,29.28,0.034149,0.013449,0.090673455,0.065644955,0.065014896,0.048093626,0.076308421,0.030923626,0.077529762,0.042597765,0.114842706,0.02,0.0181,0.0207
2019-07,0,0,263.28,1.560695837,35.84885499,20843.322,1.896881411,2.797216869,-0.70772,-0.01368,0.00623,2.4,29.99,0.033348,0.012748,-0.01869377,0.022945176,-0.01718463,0.023253089,0.008999767,-0.00376188,0.005953751,0.030140656,-0.004358011,0.0196,0.0184,0.0206
2019-08,5,1,263.877,1.722393388,35.84885499,20843.322,1.896881411,2.797216869,-0.66604,0.02692,0.07126,2.13,28.71,0.034837,0.018537,-0.087313772,-0.050697625,-0.006925733,0.016425895,-0.014275383,0.046604836,-0.029485791,-0.015368247,-0.030803742,0.0177,0.0157,0.0163
2019-09,3,0,264.388,1.719064405,35.84885499,20843.322,1.896881411,2.797216869,-0.63775,0.02098,0.08209,2.04,29.23,0.034212,0.017212,0.035632211,0.044631437,-0.00321952,0.013053906,0.007230427,0.039624015,0.029312838,0.004082123,0.02929886,0.018,0.0165,0.017
2019-10,2,0,264.97,1.636411669,35.84885499,20985.448,1.896881411,3.351776524,-0.672,-0.01134,0.05896,1.83,28.84,0.034673,0.017573,-0.023951685,0.022447051,0.050039775,-0.003320728,0.002892523,-0.008036774,0.009833713,0.027262944,0.00019196,0.0161,0.0155,0.0171
2019-11,1,0,265.548,1.669378041,35.84885499,20985.448,1.896881411,3.351776524,-0.68987,-0.02397,0.08521,1.55,29.84,0.033516,0.015416,0.011039235,0.048257316,0.048476606,0.010840281,0.011347249,-0.022986037,0.041416539,0.037364684,0.028815836,0.0157,0.0161,0.0181
2019-12,0,0,266.02,1.624313961,35.84885499,20985.448,1.896881411,3.351776524,-0.67513,-0.05046,0.18524,1.55,30.33,0.032969,0.014369,0.058163526,0.024911817,0.034395703,0.020312574,0.026540659,0.031410981,-0.001626205,0.019075404,0.028275237,0.0155,0.0161,0.0186
2020-01,5,0,266.716,1.38724336,35.84885499,20709.212,1.340326228,1.358535029,-0.72026,-0.09091,0.40507,1.55,30.99,0.032273,0.014673,-0.111751304,-0.027943448,-0.028816698,0.001978453,0.005799511,0.066146912,-0.005061082,0.006606474,-0.061837502,0.0153,0.0152,0.0176
2020-02,0,1,267.37,1.273890115,35.84885499,20709.212,1.340326228,1.358535029,-0.37136,0.1508,0.68609,1.58,30.73,0.032542,0.017542,-0.152719201,-0.113458057,-0.067853305,-0.081820285,-0.076854064,-0.103490631,-0.096079635,-0.063388755,-0.086521727,0.0141,0.0133,0.015
2020-03,5,1,267.054,1.647232395,35.84885499,20709.212,1.340326228,1.358535029,0.13154,0.55443,0.92481,0.65,24.82,0.040295,0.031595,-0.349692894,-0.214840027,-0.039752338,-0.058601166,-0.133941929,-0.102214434,-0.192871812,-0.122043796,-0.143466296,0.0033,0.0045,0.0087
2020-04,1,1,265.746,2.965237482,35.84885499,19077.992,1.340326228,-7.398614959,-0.03127,0.59795,0.92022,0.05,25.93,0.038569,0.031969,0.296553268,0.093405005,0.125016943,0.066442989,0.205141784,0.031728005,0.086612438,0.135084802,0.152949899,0.0018,0.0022,0.0066
2020-05,2,1,265.412,3.784681928,35.84885499,19077.992,1.340326228,-7.398614959,-0.47266,0.29865,0.60753,0.05,27.33,0.036592,0.029892,0.006697739,0.02426389,0.031074929,0.013755941,0.048628912,0.039007946,0.051258412,0.059943748,0.066850406,0.0016,0.0017,0.0067
2020-06,0,1,265.849,4.423187599,35.84885499,19077.992,1.340326228,-7.398614959,-0.5442,0.14231,0.34805,0.08,28.84,0.034676,0.027376,-0.014163723,-0.005238439,-0.025322583,-0.007345901,0.049017749,-0.049958616,0.01903008,-0.005583504,0.018514266,0.0018,0.0019,0.0073
2020-07,2,0,267.389,4.207353332,35.84885499,20558.879,1.340326228,-1.3646721,-0.61198,0.04938,0.29483,0.09,29.6,0.033785,0.027585,-0.053468309,0.035201951,0.052046583,0.067650042,0.08977383,0.077223306,0.042822719,0.065654881,0.07028718,0.0015,0.0015,0.0062
2020-08,1,0,268.422,3.948633122,35.84885499,20558.879,1.340326228,-1.3646721,-0.63331,-0.00224,0.40894,0.1,31.16,0.032094,0.025594,-0.020544673,0.041271989,0.025476566,0.045980592,0.094343739,-0.03125,0.08308576,0.09051072,0.04192011,0.0013,0.0014,0.0065
2020-09,5,1,268.933,4.013639085,35.84885499,20558.879,1.340326228,-1.3646721,-0.61224,-0.00743,0.52812,0.09,30.84,0.032426,0.025626,-0.146378987,-0.036700118,-0.022906944,-0.018450404,-0.0368607,0.008014426,-0.008442291,-0.06482013,0.010917638,0.0013,0.0013,0.0068
2020-10,3,1,269.306,4.583262163,35.84885499,20791.917,1.340326228,-0.922215242,-0.61759,-0.02662,0.53891,0.09,31.28,0.031966,0.024066,-0.046903161,-0.010467673,-0.037936021,-0.029857087,-0.029527445,0.049890678,-0.014861376,0.005422272,-0.007849804,0.0013,0.0015,0.0079
2020-11,1,1,269.981,4.974424126,35.84885499,20791.917,1.340326228,-0.922215242,-0.67175,-0.0628,0.40258,0.09,32.47,0.030795,0.022095,0.26565815,0.167537681,0.077673264,0.073358771,0.084801584,0.00255585,0.156378216,0.095446451,0.122307053,0.0012,0.0017,0.0087
2020-12,1,0,270.341,5.504159561,35.84885499,20791.917,1.340326228,-0.922215242,-0.70443,-0.08969,0.2208,0.09,33.77,0.029616,0.020316,0.042708257,0.060503838,0.037373365,0.014496554,0.0244923,0.004217417,0.011183811,0.030699921,0.023124761,0.001,0.0014,0.0093
2021-01,3,0,270.416,6.058443287,35.84885499,21082.134,1.768900625,1.800754176,-0.69387,-0.11904,-0.06192,0.09,34.51,0.028975,0.018175,0.036275949,-0.019268805,0.012771807,-0.053237017,0.003900012,-0.009559031,-0.043399952,-0.01509553,-0.023830945,0.001,0.0013,0.0108
2021-02,1,0,270.776,6.45552043,35.84885499,21082.134,1.768900625,1.800754176,-0.6686,-0.13446,-0.37129,0.08,35.1,0.028487,0.015887,0.214724133,0.113642979,-0.022111685,-0.01495639,-0.010071579,-0.065407253,0.06630312,0.061810862,0.036551647,0.0007,0.0012,0.0126
2021-03,1,0,271.453,6.480311509,35.84885499,21082.134,1.768900625,1.800754176,-0.669,-0.15617,-0.59218,0.07,35.04,0.028537,0.012437,0.026930231,0.05615712,0.037421736,0.077103128,0.035875687,0.10126968,0.088195671,0.031023785,0.072867645,0.0008,0.0015,0.0161
2021-04,1,0,273.626,6.157309612,35.84885499,21440.929,1.768900625,12.38566931,-0.70474,-0.18557,-0.6188,0.07,36.72,0.027233,0.010833,0.004622996,0.064095312,0.038652102,0.020344266,0.070832494,0.042243129,0.035493642,0.076354062,0.053243314,0.0006,0.0016,0.0164
2021-05,1,0,275.457,6.019814345,35.84885499,21440.929,1.768900625,12.38566931,-0.73176,-0.17936,-0.54419,0.06,36.55,0.027358,0.011158,0.049031216,0.046762351,0.017354132,0.016491754,-0.03886788,-0.027787611,0.028937563,-0.000698893,0.050417426,0.0005,0.0016,0.0162
2021-06,4,0,277.608,5.907970952,35.84885499,21440.929,1.768900625,12.38566931,-0.74139,-0.16361,-0.39423,0.08,36.7,0.027251,0.012051,0.045020779,-0.030993604,0.021913958,-0.005293193,0.03749058,-0.024273318,-0.02278778,0.027120488,-0.055360667,0.0007,0.002,0.0152
2021-07,5,0,278.639,5.900466195,35.84885499,21617.828,1.768900625,5.150810995,-0.72729,-0.14293,-0.18319,0.1,37.44,0.026707,0.013507,-0.084395022,-0.006059613,0.047408335,0.023696682,0.004812057,0.042104608,0.008484946,0.033856629,0.019979885,0.0008,0.0022,0.0132
2021-08,1,0,279.021,6.293791507,35.84885499,21617.828,1.768900625,5.150810995,-0.72402,-0.13407,-0.16283,0.09,37.97,0.026334,0.013534,-0.028767527,0.050024716,0.022767747,0.012751787,0.020421072,0.035032227,0.009214849,0.049945115,0.017388831,0.0007,0.0022,0.0128
2021-09,4,0,279.727,6.632895645,35.84885499,21617.828,1.768900625,5.150810995,-0.71807,-0.13818,-0.29429,0.08,37.62,0.026581,0.012881,0.092806272,-0.019866303,-0.05695185,-0.044857914,-0.026156435,-0.064233408,-0.062168232,-0.065899983,-0.074330873,0.0008,0.0024,0.0137
2021-10,1,0,281.649,6.295779499,35.84885499,21988.737,1.768900625,5.756179192,-0.65035,-0.12906,-0.42676,0.08,37.25,0.026843,0.011043,0.101823785,0.071229587,0.050761798,0.037098715,0.109135547,0.047014603,0.06829699,0.026451276,0.076051063,0.0011,0.0039,0.0158
2021-11,5,0,283.411,5.964835522,35.84885499,21988.737,1.768900625,5.756179192,-0.56777,-0.10724,-0.38664,0.08,38.58,0.025918,0.010318,-0.058437837,-0.057869644,-0.031340584,-0.012589564,0.01898822,-0.021333569,-0.037088192,-0.051721005,-0.00697966,0.0018,0.0051,0.0156
2021-12,1,0,285.221,5.684013449,35.84885499,21988.737,1.768900625,5.756179192,-0.58456,-0.09371,-0.35938,0.08,38.3,0.026106,0.011406,0.029315802,0.031203896,0.088364395,0.099540833,-0.003137706,0.093568658,0.052225645,0.007857417,0.073396397,0.003,0.0068,0.0147
2022-01,5,1,286.799,5.539070917,35.84885499,21932.71,3.878116293,4.034582078,-0.57544,-0.0591,-0.45702,0.08,36.94,0.027073,0.009473,0.189691063,-0.000799951,-0.069017957,-0.015187671,-0.097041148,-0.033103297,-0.04762224,0.007857417,-0.068553271,0.0055,0.0098,0.0176
2022-02,3,1,288.256,5.495462367,35.84885499,21932.71,3.878116293,4.034582078,-0.45702,0.0081,-0.5742,0.08,35.29,0.028339,0.009039,0.063666912,-0.014887917,-0.011277655,-0.015005427,-0.040558287,-0.023232007,-0.011274843,0.007857417,-0.014286253,0.01,0.0144,0.0193
2022-03,1,1,289.044,5.562820885,35.84885499,21932.71,3.878116293,4.034582078,-0.37914,0.05527,-0.58012,0.2,34.27,0.029179,0.007879,0.087821292,-0.003500821,0.053932064,0.014068085,0.048177662,0.100786026,0.032904964,0.007857417,0.058221797,0.0134,0.0191,0.0213
2022-04,5,1,290.474,5.513746497,35.84885499,21967.045,3.878116293,2.45379293,-0.35591,0.08624,-0.34671,0.33,33.89,0.029508,0.002008,-0.016359356,-0.100233685,-0.047880312,0.024043868,-0.130266837,-0.042949328,-0.075707097,0.007857417,-0.035197398,0.0189,0.0254,0.0275
2022-05,0,1,292.039,5.33627358,35.84885499,21967.045,3.878116293,2.45379293,-0.28959,0.14052,-0.07195,0.77,30.67,0.032602,0.003602,0.085637917,0.043402475,0.018446442,0.006057989,0.039492198,0.012407428,0.037647907,0.007857417,0.040582804,0.0206,0.0262,0.029
2022-06,5,1,294.009,4.857674425,35.84885499,21967.045,3.878116293,2.45379293,-0.2222,0.20066,0.11773,1.21,29.05,0.034426,0.003026,0.085637917,0.043402475,0.018446442,0.006057989,0.039492198,0.012407428,0.037647907,0.007857417,0.040582804,0.0265,0.03,0.0314
2022-07,1,1,295.08,4.703470245,35.84885499,22125.625,3.878116293,2.348973264,-0.26699,0.17935,0.12603,1.68,29,0.034477,0.005477,0.085637917,0.043402475,0.018446442,0.006057989,0.039492198,0.012407428,0.037647907,0.007857417,0.040582804,0.0302,0.0304,0.029
2022-08,0,1,296.582,4.404852621,35.84885499,22125.625,3.878116293,2.348973264,-0.24884,0.1677,0.04787,2.33,30.7,0.032575,0.003575,0.085637917,0.043402475,0.018446442,0.006057989,0.039492198,0.012407428,0.037647907,0.007857417,0.040582804,0.0328,0.0325,0.029
2022-09,5,1,298.281,4.135362293,35.84885499,22125.625,3.878116293,2.348973264,-0.1332,0.23798,-0.0129,2.56,28.23,0.035423,0.000223,0.085637917,0.043402475,0.018446442,0.006057989,0.039492198,0.012407428,0.037647907,0.007857417,0.040582804,0.0389,0.0386,0.0352
2022-10,1,1,299.381,4.02563957,35.84885499,22278.345,3.878116293,1.317074282,-0.15011,0.23682,-0.06976,3.08,27.08,0.036927,-0.00287,0.085637917,0.043402475,0.018446442,0.006057989,0.039492198,0.012407428,0.037647907,0.007857417,0.040582804,0.0443,0.0438,0.0398
2022-11,1,1,300.316,4.014771108,35.84885499,22278.345,3.878116293,1.317074282,-0.19712,0.19753,-0.15855,3.78,28.38,0.035237,-0.00366,0.085637917,0.043402475,0.018446442,0.006057989,0.039492198,0.012407428,0.037647907,0.007857417,0.040582804,0.0473,0.045,0.0389
2022-12,5,1,301.433,3.913639184,35.84885499,22278.345,3.878116293,1.317074282,-0.26723,0.18185,-0.32551,4.1,28.32,0.035315,-0.00089,0.085637917,0.043402475,0.018446442,0.006057989,0.039492198,0.012407428,0.037647907,0.007857417,0.040582804,0.0468,0.0429,0.0362
2023-01,1,1,302.685,3.866726134,35.84885499,22439.607,2.258938849,2.311146229,-0.35137,0.14885,-0.43177,4.33,28.33,0.035292,-7.70E-06,0.085637917,0.043402475,0.018446442,0.006057989,0.039492198,0.012407428,0.037647907,0.007857417,0.040582804,0.0469,0.0421,0.0353
2023-02,0,0,304.097,3.767876697,35.84885499,22439.607,2.258938849,2.311146229,-0.30011,0.15425,-0.33944,4.57,28.92,0.034578,-0.00292,0.085637917,0.043402475,0.018446442,0.006057989,0.039492198,0.012407428,0.037647907,0.007857417,0.040582804,0.0493,0.0453,0.0375
2023-03,5,1,305.123,3.814527256,35.84885499,22439.607,2.258938849,2.311146229,-0.20307,0.21491,0.1213,4.65,27.94,0.035793,-0.00081,0.085637917,0.043402475,0.018446442,0.006057989,0.039492198,0.012407428,0.037647907,0.007857417,0.040582804,0.0468,0.043,0.0366
2023-04,5,0,306.49,3.623609253,35.84885499,22580.499,2.258938849,2.792610476,-0.27968,0.21002,0.62863,4.83,28.76,0.034765,0.000165,0.085637917,0.043402475,0.018446442,0.006057989,0.039492198,0.012407428,0.037647907,0.007857417,0.040582804,0.0468,0.0402,0.0346
2023-05,2,0,307.623,3.390513713,35.84885499,22580.499,2.258938849,2.792610476,-0.33198,0.18012,1.04528,5.06,28.76,0.034768,-0.00093,0.085637917,0.043402475,0.018446442,0.006057989,0.039492198,0.012407428,0.037647907,0.007857417,0.040582804,0.0491,0.0413,0.0357
2023-06,1,0,308.291,3.260555774,35.84885499,22580.499,2.258938849,2.792610476,-0.33941,0.15258,1.06129,5.08,29.94,0.0334,-0.0041,0.085637917,0.043402475,0.018446442,0.006057989,0.039492198,0.012407428,0.037647907,0.007857417,0.040582804,0.0524,0.0464,0.0375
2023-07,1,0,308.959,3.22826006,35.84885499,22840.989,2.258938849,3.233192283,-0.38086,0.13785,0.66298,5.12,30.89,0.032371,-0.00663,0.085637917,0.043402475,0.018446442,0.006057989,0.039492198,0.012407428,0.037647907,0.007857417,0.040582804,0.0537,0.0483,0.039
2023-08,5,0,309.646,3.291823566,35.84885499,22840.989,2.258938849,3.233192283,-0.42708,0.12695,0.24498,5.33,30.3,0.032998,-0.0087,0.085637917,0.043402475,0.018446442,0.006057989,0.039492198,0.012407428,0.037647907,0.007857417,0.040582804,0.0537,0.049,0.0417
2023-09,4,1,310.616,3.289914235,35.84885499,22840.989,2.258938849,3.233192283,-0.3955,0.13076,0.07076,5.33,29.8,0.033557,-0.01024,0.085637917,0.043402475,0.018446442,0.006057989,0.039492198,0.012407428,0.037647907,0.007857417,0.040582804,0.0544,0.0502,0.0438
2023-10,5,1,311.433,3.292843083,35.84885499,23033.78,2.258938849,3.390893713,-0.35502,0.12792,0.09695,5.33,28.77,0.03476,-0.01324,0.085637917,0.043402475,0.018446442,0.006057989,0.039492198,0.012407428,0.037647907,0.007857417,0.040582804,0.0542,0.0507,0.048
2023-11,1,1,312.373,3.280053014,35.84885499,23033.78,2.258938849,3.390893713,-0.38077,0.09916,0.1029,5.33,30.01,0.033319,-0.01168,0.085637917,0.043402475,0.018446442,0.006057989,0.039492198,0.012407428,0.037647907,0.007857417,0.040582804,0.0528,0.0488,0.045
2023-12,1,0,313.23,3.213613,35.84885499,23033.78,2.258938849,3.390893713,-0.41744,0.05766,0.02342,5.33,31.45,0.031794,-0.00841,0.085637917,0.043402475,0.018446442,0.006057989,0.039492198,0.012407428,0.037647907,0.007857417,0.040582804,0.0496,0.0446,0.0402
2024-01,0,0,314.389,3.292099914,35.84885499,23082.119,2.783591922,2.863294353,-0.43955,0.03005,-0.05531,5.33,32.05,0.031206,-0.00939,0.085637917,0.043402475,0.018446442,0.006057989,0.039492198,0.012407428,0.037647907,0.007857417,0.040582804,0.0479,0.0432,0.0406
2024-02,2,0,315.555,3.143667506,35.84885499,23082.119,2.783591922,2.863294353,-0.47092,0.0095,-0.10116,5.33,33.04,0.030269,-0.01183,0.085637917,0.043402475,0.018446442,0.006057989,0.039492198,0.012407428,0.037647907,0.007857417,0.040582804,0.0492,0.0454,0.0421
2024-03,1,0,316.762,2.808733371,35.84885499,23082.119,2.783591922,2.863294353,-0.46736,-0.00162,-0.15135,5.33,33.75,0.029625,-0.01247,0.085637917,0.043402475,0.018446442,0.006057989,0.039492198,0.012407428,0.037647907,0.007857417,0.040582804,0.0499,0.0459,0.0421
2024-04,5,0,317.596,2.781521178,35.84885499,23286.508,2.783591922,3.126631524,-0.42751,-0.00636,-0.19372,5.33,33.14,0.030174,-0.01523,0.085637917,0.043402475,0.018446442,0.006057989,0.039492198,0.012407428,0.037647907,0.007857417,0.040582804,0.0514,0.0487,0.0454
2024-05,0,0,318.053,2.767148871,35.84885499,23286.508,2.783591922,3.126631524,-0.41133,-0.01478,-0.14869,5.33,33.77,0.029609,-0.01519,0.085637917,0.043402475,0.018446442,0.006057989,0.039492198,0.012407428,0.037647907,0.007857417,0.040582804,0.0516,0.0486,0.0448
2024-06,2,0,318.343,2.907869813,35.84885499,23286.508,2.783591922,3.126631524,-0.38941,-0.00555,-0.07058,5.33,34.81,0.028727,-0.01437,0.085637917,0.043402475,0.018446442,0.006057989,0.039492198,0.012407428,0.037647907,0.007857417,0.040582804,0.0511,0.0474,0.0431
2024-07,1,0,318.933,3.048602685,35.84885499,23478.57,2.783591922,2.791389637,-0.36354,0.005,-0.09324,5.33,35.44,0.028214,-0.01429,0.085637917,0.043402475,0.018446442,0.006057989,0.039492198,0.012407428,0.037647907,0.007857417,0.040582804,0.049,0.045,0.0425
2024-08,5,1,319.839,3.112190821,35.84885499,23478.57,2.783591922,2.791389637,-0.38881,-0.00348,-0.24788,5.33,34.92,0.028637,-0.01006,0.085637917,0.043402475,0.018446442,0.006057989,0.039492198,0.012407428,0.037647907,0.007857417,0.040582804,0.0443,0.0397,0.0387
2024-09,0,0,320.835,3.025542724,35.84885499,23478.57,2.783591922,2.791389637,-0.41621,-0.03088,-0.33971,5.13,35.66,0.028042,-0.00916,0.085637917,0.043402475,0.018446442,0.006057989,0.039492198,0.012407428,0.037647907,0.007857417,0.040582804,0.0403,0.0362,0.0372
2024-10,5,0,321.688,3.025542724,35.84885499,23586.542,2.783591922,2.399788485,-0.42528,-0.06098,-0.31632,4.83,36.59,0.027332,-0.01367,0.085637917,0.043402475,0.018446442,0.006057989,0.039492198,0.012407428,0.037647907,0.007857417,0.040582804,0.042,0.0397,0.041
2024-11,1,0,322.619,3.025542724,35.84885499,23586.542,2.783591922,2.399788485,-0.47238,-0.07685,-0.21707,4.64,37.35,0.026774,-0.01683,0.085637917,0.043402475,0.018446442,0.006057989,0.039492198,0.012407428,0.037647907,0.007857417,0.040582804,0.0433,0.0426,0.0436